#,label
C0LLX5_3,0
C0LLX5_32,0
C0LLX5_33,0
C0LLX5_42,0
C0LLX5_47,0
C0LLX5_68,0
C0LLX5_69,0
C0LLX5_74,0
C0LLX5_78,0
C0LLX5_84,0
C0LLX5_90,0
A0A4S4ET57_98,0
A0A4S4ET57_101,0
A0A4S4ET57_102,0
A0A4S4ET57_130,0
A0A4S4ET57_133,0
A0A4S4ET57_142,0
A0A4S4ET57_146,0
A0A4S4ET57_158,0
A0A4S4ET57_164,0
A0A4S4ET57_167,0
A0A4S4ET57_168,0
A0A4S4ET57_170,0
A0A4S4ET57_174,0
A0A4S4ET57_180,0
A0A4S4ET57_185,0
A0A4S4ET57_196,0
A0A4S4ET57_201,0
A0A4S4ET57_207,0
A0A4S4ET57_217,0
A0A4S4ET57_290,0
A0A4S4ET57_326,0
A0A4S4ET57_344,0
A0A4S4ET57_348,0
A0A4S4ET57_356,0
A0A4S4ET57_391,0
A0A4S4ET57_408,0
A0A4S4ET57_495,0
A0A4S4ET57_504,0
A0A4S4ET57_505,0
A0A4S4ET57_509,0
A0A4S4ET57_514,0
A0A4S4ET57_521,0
A0A4S4ET57_554,0
A0A4S4ET57_556,0
A0A4S4ET57_562,0
A0A4S4ET57_586,0
A0A4S4ET57_594,0
A0A4S4ET57_615,0
A0A4S4ET57_619,0
A0A4S4ET57_627,0
A0A4S4ET57_651,0
A0A4S4ET57_652,0
A0A4S4ET57_659,0
A0A4S4ET57_663,0
A0A4S4ET57_671,0
A0A4S4ET57_698,0
A0A4S4ET57_709,0
A0A4S4EB91_18,0
A0A4S4EB91_19,0
A0A4S4EB91_45,0
A0A4S4EB91_49,0
A0A4S4EB91_52,0
A0A4S4EB91_53,0
A0A4S4EB91_62,0
A0A4S4EB91_195,0
A0A4S4EB91_196,0
A0A4S4EB91_247,0
A0A4S4EB91_301,0
A0A4S4EB91_325,0
Q94ID8_4,0
Q94ID8_20,0
Q94ID8_56,0
Q94ID8_58,0
Q94ID8_93,0
Q94ID8_98,0
Q94ID8_129,0
Q94ID8_140,0
Q94ID8_162,0
Q94ID8_172,0
Q94ID8_204,0
Q94ID8_221,0
Q94ID8_228,0
Q94ID8_235,0
Q94ID8_255,0
A0A5S6R7Q7_4,0
A0A5S6R7Q7_94,0
A0A5S6R7Q7_99,0
A0A5S6R7Q7_101,0
A0A5S6R7Q7_103,0
A0A5S6R7Q7_151,0
A0A5S6R7Q7_162,0
A0A5S6R7Q7_214,0
A0A5S6R7Q7_222,0
A0A5S6R7Q7_224,0
A0A5S6R7Q7_240,0
A0A5S6R7Q7_294,0
A0A5S6R7Q7_304,0
A0A5S6R7Q7_374,0
A0A5S6R7Q7_416,0
Q6ZKD8_66,0
Q6ZKD8_119,0
Q6ZKD8_124,0
Q6ZKD8_197,0
Q6ZKD8_213,0
Q6ZKD8_252,0
Q6ZKD8_275,0
Q6ZKD8_279,0
Q6ZKD8_355,0
Q6ZKD8_499,0
Q0DWC1_19,0
Q0DWC1_29,0
Q0DWC1_49,0
Q0DWC1_51,0
Q0DWC1_56,0
Q0DWC1_81,0
Q0DWC1_82,0
Q0DWC1_84,0
A3A0Y3_10,0
A3A0Y3_11,0
A3A0Y3_25,0
A3A0Y3_27,0
A3A0Y3_39,0
A3A0Y3_45,0
A3A0Y3_46,0
A3A0Y3_60,0
A3A0Y3_89,0
A3A0Y3_95,0
A3A0Y3_96,0
A3A0Y3_110,0
P56805_3,0
P56805_13,0
P56805_30,0
P56805_43,0
P56805_53,0
P56805_57,0
P56805_67,0
P56805_68,0
P56805_74,0
P56805_86,0
Q5QMP3_14,0
Q5QMP3_99,0
Q5QMP3_117,0
Q5QMP3_188,0
Q5QMP3_201,0
Q5QMP3_224,0
Q5QMP3_226,0
Q0DPX2_93,0
Q0DPX2_100,0
Q0DPX2_102,0
Q0DPX2_114,0
Q0DPX2_125,0
Q0DPX2_126,0
Q0DPX2_132,0
Q0DPX2_182,0
Q0DPX2_191,0
Q0DPX2_196,0
Q0DPX2_212,0
Q0DPX2_222,0
Q940V1_24,0
Q940V1_94,0
Q940V1_98,0
Q940V1_102,0
Q940V1_107,0
Q940V1_118,0
Q940V1_125,0
Q940V1_127,0
Q940V1_141,0
Q940V1_154,0
Q940V1_212,0
Q940V1_220,0
Q940V1_239,0
Q940V1_243,0
Q940V1_246,0
Q940V1_248,0
Q940V1_284,0
Q940V1_299,0
Q940V1_304,0
Q940V1_325,0
Q940V1_346,0
Q940V1_357,0
Q940V1_370,0
Q940V1_381,0
Q940V1_396,0
Q940V1_397,0
Q940V1_404,0
Q940V1_406,0
Q940V1_421,0
Q940V1_425,0
Q940V1_428,0
Q940V1_439,0
Q940V1_441,0
Q8L4V6_8,0
Q8L4V6_28,0
Q8L4V6_42,0
Q8L4V6_54,0
Q8L4V6_108,0
Q8L4V6_151,0
Q8L4V6_177,0
Q8L4V6_178,0
Q8L4V6_216,0
Q8L4V6_231,0
Q8L4V6_232,0
Q6YY17_8,0
Q6YY17_19,0
Q6YY17_29,0
Q6YY17_53,0
Q6YY17_56,0
Q6YY17_120,0
Q6YY17_139,0
Q6YY17_151,0
Q6YY17_162,0
Q6YY17_169,0
Q6YY17_170,0
Q6YY17_186,0
Q0DQ67_90,0
Q0DQ67_101,0
Q0DQ67_102,0
Q0DQ67_120,0
Q0DQ67_128,0
Q0DQ67_133,0
Q0DQ67_134,0
Q0DQ67_140,0
Q0DQ67_144,0
Q0DQ67_162,0
Q0DQ67_181,0
Q0DQ67_219,0
Q0DQ67_225,0
Q0DQ67_232,0
Q0DQ67_263,0
Q0DQ67_274,0
Q0DQ67_290,0
Q0DQ67_352,0
Q8RXH9_21,0
Q8RXH9_28,0
Q8RXH9_39,0
Q8RXH9_43,0
Q8RXH9_44,0
Q8RXH9_57,0
Q8RXH9_76,0
Q8RXH9_86,0
Q8RXH9_99,0
Q8RXH9_111,0
Q8LFK2_3,0
Q8LFK2_18,0
Q8LFK2_50,0
Q8LFK2_73,0
Q8LFK2_94,0
Q8LFK2_95,0
Q8LFK2_97,0
Q8LFK2_101,0
Q8LFK2_110,0
Q8LFK2_119,0
Q8LFK2_134,0
Q8LFK2_173,0
Q6ZAJ7_24,0
Q6ZAJ7_197,0
Q6ZAJ7_199,0
Q6ZAJ7_349,0
Q6ZAJ7_359,0
Q6ZAJ7_384,0
Q6ZAJ7_404,0
A0A0P0WR86_43,0
A0A0P0WR86_106,0
A0A0P0WR86_117,0
A0A0P0WR86_122,0
A0A0P0WR86_131,0
A0A0P0WR86_146,0
Q6AVP2_39,0
Q6AVP2_49,0
Q6AVP2_109,0
Q6AVP2_202,0
Q6AVP2_238,0
Q6AVP2_250,0
Q6AVP2_282,0
Q6AVP2_353,0
A0A4S4DV38_222,0
A0A4S4DV38_225,0
A0A4S4DV38_238,0
A0A4S4DV38_242,0
A0A4S4DV38_248,0
A0A4S4DV38_253,0
Q9LVW7_51,0
Q9LVW7_71,0
Q9LVW7_149,0
Q9LVW7_191,0
Q9LVW7_217,0
Q9LVW7_225,0
Q9LVW7_240,0
Q9LVW7_243,0
Q9LVW7_252,0
Q9LVW7_280,0
Q9LVW7_306,0
Q9LVW7_311,0
Q9LVW7_331,0
Q9LVW7_334,0
Q9LVW7_336,0
Q9LVW7_424,0
Q9LVW7_427,0
Q60EX6_6,0
Q60EX6_45,0
Q60EX6_140,0
Q60EX6_142,0
Q60EX6_178,0
Q60EX6_192,0
Q60EX6_198,0
Q60EX6_316,0
Q60EX6_402,0
Q60EX6_403,0
Q60EX6_469,0
Q60EX6_479,0
Q60EX6_516,0
Q60EX6_517,0
Q60EX6_530,0
Q60EX6_531,0
Q60EX6_538,0
Q60EX6_578,0
Q60EX6_582,0
Q60EX6_639,0
Q60EX6_699,0
Q60EX6_700,0
Q60EX6_720,0
Q60EX6_773,0
Q60EX6_830,0
A0A0P0V1R6_3,0
A0A0P0V1R6_4,0
A0A0P0V1R6_17,0
A0A0P0V1R6_23,0
A0A0P0V1R6_45,0
A0A0P0V1R6_46,0
A0A0P0V1R6_53,0
A0A0P0V1R6_92,0
A0A0P0V1R6_93,0
A0A0P0V1R6_102,0
A0A0P0V1R6_139,0
A0A0P0V1R6_149,0
A0A0P0V1R6_153,0
A0A0P0V1R6_156,0
A0A0P0V1R6_160,0
A0A0P0V1R6_176,0
Q9S7X9_22,0
Q9S7X9_34,0
Q9S7X9_41,0
Q9S7X9_53,0
Q9S7X9_64,0
Q9S7X9_81,0
Q9S7X9_100,0
Q9S7X9_120,0
Q9S7X9_130,0
Q9S7X9_142,0
Q9S7X9_145,0
Q9S7X9_163,0
Q7F9B8_31,0
Q7F9B8_32,0
Q7F9B8_43,0
Q7F9B8_61,0
Q7F9B8_91,0
Q7F9B8_92,0
Q7F9B8_118,0
Q7F9B8_125,0
Q7F9B8_143,0
Q7F9B8_162,0
Q7F9B8_176,0
Q7F9B8_215,0
Q8H056_60,0
Q8H056_102,0
Q8H056_109,0
Q8H056_120,0
A0A4S4E812_91,0
A0A4S4E812_102,0
A0A4S4E812_127,0
A0A4S4E812_136,0
A0A4S4E812_139,0
A0A4S4E812_181,0
A0A4S4E812_197,0
A0A4S4E812_203,0
A0A4S4E812_210,0
A0A4S4E812_218,0
A0A4S4E812_234,0
A0A4S4E812_251,0
A0A4S4E812_278,0
Q9ZUU1_48,0
Q9ZUU1_64,0
Q9ZUU1_99,0
Q9ZUU1_108,0
Q9ZUU1_121,0
Q9ZUU1_162,0
Q9ZUU1_171,0
Q9ZUU1_183,0
Q9ZUU1_193,0
Q9ZUU1_215,0
Q9ZUU1_228,0
Q9ZUU1_248,0
Q9ZUU1_250,0
Q9ZUU1_279,0
Q7XM15_3,0
Q7XM15_13,0
Q7XM15_25,0
Q7XM15_29,0
Q7XM15_73,0
Q7XM15_80,0
Q7XM15_87,0
Q7XM15_95,0
Q7XM15_103,0
Q7XM15_104,0
Q7XM15_108,0
Q7XM15_109,0
P50287_43,0
P50287_46,0
P50287_69,0
P50287_89,0
P50287_91,0
P50287_115,0
P50287_153,0
P50287_156,0
P50287_171,0
P50287_207,0
P50287_235,0
P50287_255,0
B7EN30_5,0
B7EN30_6,0
B7EN30_9,0
B7EN30_47,0
B7EN30_68,0
B7EN30_129,0
B7EN30_140,0
B7EN30_146,0
B7EN30_162,0
B7EN30_172,0
B7EN30_222,0
B7EN30_223,0
B7EN30_252,0
B7EN30_269,0
B7EN30_271,0
B7EN30_284,0
B7EN30_292,0
Q5JLL2_24,0
Q5JLL2_70,0
Q5JLL2_81,0
Q5JLL2_87,0
Q5JLL2_95,0
Q5JLL2_97,0
Q5JLL2_125,0
Q5JLL2_175,0
Q5JLL2_186,0
Q5JLL2_188,0
Q5JLL2_189,0
Q5JLL2_204,0
Q5JLL2_244,0
Q9FYH5_3,0
Q9FYH5_8,0
Q9FYH5_11,0
Q9FYH5_23,0
Q9FYH5_34,0
Q9FYH5_46,0
Q9FYH5_86,0
Q9FYH5_87,0
Q9FYH5_89,0
Q9FYH5_92,0
Q9FYH5_96,0
Q9FYH5_97,0
Q9FYH5_99,0
Q9FYH5_100,0
Q9FYH5_101,0
Q9FYH5_103,0
Q9FYH5_107,0
Q9FYH5_112,0
Q9FYH5_118,0
Q0JHF9_2,0
Q0JHF9_10,0
Q0JHF9_81,0
Q0JHF9_111,0
Q0JHF9_118,0
Q0JHF9_125,0
Q0JHF9_129,0
Q0JHF9_147,0
Q0JHF9_156,0
Q0JHF9_159,0
Q0JHF9_168,0
Q0JHF9_173,0
Q0JHF9_191,0
Q0JHF9_204,0
Q0JHF9_207,0
Q0JHF9_208,0
A3ANL5_4,0
A3ANL5_34,0
A3ANL5_55,0
A3ANL5_93,0
A3ANL5_122,0
A3ANL5_147,0
A3ANL5_180,0
A3ANL5_207,0
Q39061_43,0
Q39061_46,0
Q39061_106,0
Q39061_151,0
Q39061_171,0
Q39061_188,0
Q39061_206,0
Q39061_220,0
Q39061_236,0
Q39061_249,0
Q39061_300,0
Q7XVZ0_18,0
Q7XVZ0_20,0
Q7XVZ0_22,0
Q7XVZ0_23,0
Q7XVZ0_24,0
Q7XVZ0_38,0
Q7XVZ0_72,0
Q7XVZ0_84,0
Q7XS71_3,0
Q7XS71_62,0
Q7XS71_135,0
Q7XS71_151,0
Q7XS71_223,0
Q7XS71_231,0
Q7XS71_242,0
Q7XS71_246,0
Q7XS71_253,0
Q7XS71_305,0
Q7XS71_306,0
Q7XS71_323,0
Q7XS71_347,0
Q7XS71_349,0
Q7XS71_352,0
Q7XS71_371,0
Q7XS71_372,0
Q7XS71_449,0
Q7XS71_452,0
Q7XS71_469,0
Q7XS71_471,0
Q7XS71_497,0
Q7XS71_504,0
Q7XS71_506,0
A3AVM4_3,0
A3AVM4_19,0
A3AVM4_37,0
A3AVM4_88,0
A3AVM4_111,0
A3AVM4_136,0
A3AVM4_201,0
A3AVM4_226,0
A3AVM4_249,0
A3AVM4_274,0
A3AVM4_311,0
Q8GXG0_50,0
Q8GXG0_51,0
Q8GXG0_55,0
Q8GXG0_76,0
Q8GXG0_79,0
Q8GXG0_85,0
Q8GXG0_89,0
Q8GXG0_91,0
Q8GXG0_98,0
Q8GXG0_104,0
Q8GXG0_107,0
Q8GXG0_108,0
Q8GXG0_111,0
Q8GXG0_112,0
Q8GXG0_115,0
Q8GXG0_121,0
Q8GXG0_126,0
Q5VRY1-2_32,0
Q5VRY1-2_58,0
Q5VRY1-2_70,0
Q5VRY1-2_75,0
Q5VRY1-2_85,0
Q5VRY1-2_89,0
Q5VRY1-2_100,0
Q5VRY1-2_116,0
Q5VRY1-2_123,0
Q5VRY1-2_124,0
Q5VRY1-2_126,0
Q5VRY1-2_131,0
B7E663_6,0
B7E663_12,0
B7E663_13,0
B7E663_24,0
B7E663_27,0
B7E663_28,0
B7E663_31,0
B7E663_49,0
B7E663_67,0
B7E663_71,0
B9GA61_96,0
B9GA61_124,0
B9GA61_181,0
B9GA61_185,0
B9GA61_299,0
B9GA61_338,0
B9GA61_340,0
A0A0P0VSH6_7,0
Q6ZH08_36,0
Q6ZH08_121,0
Q6ZH08_122,0
Q6ZH08_125,0
Q6ZH08_142,0
Q6ZH08_176,0
Q6ZH08_207,0
Q6ZH08_214,0
Q6ZH08_232,0
Q6ZH08_242,0
Q6ZH08_243,0
Q6ZH08_274,0
Q6ZH08_281,0
Q6ZH08_300,0
Q6ZH08_340,0
Q6ZH08_369,0
Q6ZH08_443,0
Q6ZH08_450,0
Q6ZH08_455,0
Q6ZH08_464,0
Q6ZH08_489,0
Q6ZH08_504,0
Q6ZH08_516,0
Q6ZH08_521,0
Q6ZH08_523,0
Q6ZH08_524,0
Q6ZH08_527,0
Q6ZH08_545,0
Q6ZH08_546,0
Q6ZH08_550,0
Q6ZH08_555,0
Q6ZH08_563,0
Q6ZH08_574,0
Q6ZH08_575,0
A0A4S4EUE2_15,0
A0A4S4EUE2_26,0
A0A4S4EUE2_27,0
A0A4S4EUE2_55,0
A0A4S4EUE2_61,0
A0A4S4EUE2_199,0
A0A4S4EUE2_200,0
A0A4S4EUE2_201,0
A0A4S4EUE2_229,0
A0A4S4EUE2_274,0
A0A4S4EUE2_275,0
A0A4S4EUE2_294,0
A0A4S4EUE2_303,0
A0A4S4EUE2_318,0
A0A4S4EUE2_340,0
A0A4S4EUE2_437,0
A0A4S4EUE2_502,0
Q0D8D5_48,0
Q0D8D5_66,0
Q0D8D5_100,0
Q0D8D5_135,0
Q0D8D5_156,0
Q0D8D5_162,0
Q0D8D5_227,0
Q0D8D5_234,0
Q0D8D5_238,0
Q0D8D5_248,0
Q0D8D5_270,0
Q0D8D5_286,0
Q0D8D5_329,0
Q0D8D5_349,0
Q0D8D5_353,0
Q0D8D5_379,0
Q0D8D5_390,0
Q8RUC6_6,0
Q8RUC6_11,0
Q8RUC6_27,0
Q8RUC6_29,0
Q8RUC6_33,0
Q8RUC6_48,0
Q8RUC6_63,0
Q8RUC6_80,0
Q8RUC6_82,0
Q8RUC6_87,0
Q8RUC6_103,0
Q8RUC6_109,0
Q8RUC6_124,0
Q8RUC6_130,0
Q8RUC6_133,0
A0A178U7L0_2,0
A0A178U7L0_7,0
A0A178U7L0_33,0
A0A178U7L0_40,0
A0A178U7L0_53,0
A0A178U7L0_56,0
A0A178U7L0_63,0
A0A178U7L0_65,0
A0A178U7L0_77,0
A0A178U7L0_91,0
A0A178U7L0_95,0
A0A178U7L0_106,0
Q7XMY8_7,0
Q7XMY8_14,0
Q7XMY8_21,0
Q7XMY8_183,0
Q7XMY8_197,0
Q7XMY8_329,0
Q7XMY8_332,0
Q7XMY8_400,0
Q7XMY8_426,0
Q7XMY8_448,0
Q7XMY8_451,0
Q304C6_5,0
Q304C6_14,0
Q304C6_16,0
Q304C6_37,0
Q304C6_41,0
Q304C6_85,0
Q304C6_88,0
Q304C6_111,0
Q304C6_118,0
Q304C6_123,0
Q304C6_137,0
Q304C6_147,0
Q304C6_176,0
Q304C6_194,0
Q304C6_216,0
Q304C6_221,0
Q304C6_225,0
Q304C6_230,0
Q9S7P9_6,0
Q9S7P9_13,0
Q9S7P9_20,0
Q9S7P9_23,0
Q9S7P9_36,0
Q9S7P9_43,0
Q9S7P9_65,0
Q9S7P9_72,0
Q9S7P9_80,0
Q9S7P9_84,0
Q9S7P9_108,0
Q9S7P9_114,0
Q9S7P9_121,0
Q9S7P9_150,0
Q9S7P9_163,0
Q9S7P9_174,0
Q9S7P9_177,0
Q9S7P9_179,0
Q9S7P9_180,0
Q9S7P9_204,0
Q9S7P9_207,0
Q9S7P9_238,0
Q9S7P9_240,0
Q9S7P9_256,0
Q9S7P9_268,0
Q9S7P9_271,0
Q9S7P9_300,0
A0A0M4PXG2_3,0
A0A0M4PXG2_4,0
A0A0M4PXG2_16,0
A0A0M4PXG2_18,0
A0A0M4PXG2_34,0
A0A0M4PXG2_52,0
A0A0M4PXG2_56,0
A0A0M4PXG2_65,0
A0A0M4PXG2_68,0
A0A0M4PXG2_73,0
A0A0M4PXG2_98,0
A0A0M4PXG2_101,0
A0A0M4PXG2_103,0
A0A0M4PXG2_106,0
A0A0M4PXG2_111,0
A0A0M4PXG2_117,0
Q8H383_19,0
Q8H383_47,0
Q8H383_121,0
Q8H383_141,0
Q8H383_147,0
Q8H383_155,0
Q8H383_161,0
Q8H383_169,0
Q8H383_216,0
Q8H383_224,0
Q8H383_229,0
Q8H383_232,0
Q8H383_240,0
Q8H383_241,0
A0A0P0VTB1_29,0
A0A0P0VTB1_30,0
A0A0P0VTB1_46,0
A0A0P0VTB1_48,0
A0A0P0VTB1_62,0
A0A0P0VTB1_63,0
A0A0P0VTB1_75,0
A0A0P0VTB1_94,0
A0A0P0VTB1_124,0
A0A0P0VTB1_133,0
A0A0P0VTB1_159,0
A0A0P0VTB1_162,0
A0A0P0VTB1_188,0
A0A0P0VTB1_210,0
A0A0P0UYX4_16,0
A0A0P0UYX4_29,0
A0A0P0UYX4_33,0
A0A0P0UYX4_62,0
A0A0P0UYX4_120,0
A0A0P0UYX4_144,0
A0A0P0UYX4_172,0
A0A0P0UYX4_174,0
A0A0P0UYX4_184,0
A0A0P0UYX4_196,0
A0A0P0UYX4_204,0
A0A0P0UYX4_208,0
A0A0P0UYX4_214,0
A0A0P0UYX4_224,0
A0A0P0UYX4_237,0
F1DK64_18,0
F1DK64_19,0
F1DK64_26,0
F1DK64_27,0
F1DK64_30,0
F1DK64_46,0
F1DK64_47,0
F1DK64_54,0
F1DK64_65,0
F1DK64_84,0
F1DK64_85,0
F1DK64_94,0
F1DK64_95,0
F1DK64_108,0
F1DK64_119,0
F1DK64_129,0
F1DK64_137,0
F1DK64_141,0
Q9M2Q5_7,0
Q9M2Q5_9,0
Q9M2Q5_26,0
Q9M2Q5_32,0
Q9M2Q5_38,0
Q9M2Q5_41,0
Q9M2Q5_52,0
Q9M2Q5_53,0
Q9M2Q5_60,0
Q9M2Q5_71,0
Q9M2Q5_80,0
Q9M2Q5_82,0
Q9M2Q5_83,0
Q9M2Q5_88,0
Q9M2Q5_102,0
Q9M2Q5_110,0
Q9M2Q5_125,0
Q9M2Q5_127,0
Q5QM65_95,0
Q5QM65_97,0
Q5QM65_99,0
Q5QM65_103,0
Q5QM65_112,0
Q5QM65_116,0
Q5QM65_119,0
Q5QM65_150,0
Q5QM65_152,0
Q5QM65_157,0
Q5QM65_160,0
Q5QM65_178,0
Q5QM65_189,0
Q5QM65_200,0
Q5QM65_202,0
Q5QM65_269,0
Q5QM65_318,0
A0A0P0YCQ1_5,0
A0A0P0YCQ1_38,0
A0A0P0YCQ1_86,0
A0A0P0YCQ1_91,0
A0A0P0YCQ1_97,0
A0A0P0YCQ1_119,0
A0A0P0YCQ1_130,0
A0A0P0YCQ1_133,0
A0A0P0YCQ1_135,0
A0A0P0YCQ1_142,0
A0A0P0YCQ1_151,0
A0A0P0YCQ1_186,0
A0A0P0YCQ1_193,0
A0A0P0YCQ1_195,0
A0A0P0YCQ1_218,0
A0A0P0XX59_4,0
A0A0P0XX59_53,0
A0A0P0XX59_57,0
Q0DRB3_31,0
Q0DRB3_62,0
Q0DRB3_100,0
Q0DRB3_144,0
Q0DRB3_199,0
A3APM5_17,0
A3APM5_27,0
A3APM5_28,0
A3APM5_37,0
A3APM5_39,0
A3APM5_48,0
A3APM5_57,0
A3APM5_84,0
A3APM5_106,0
A3APM5_127,0
A3APM5_138,0
A3APM5_145,0
A3APM5_169,0
A3APM5_174,0
A3APM5_183,0
A3APM5_190,0
A3APM5_192,0
A3APM5_208,0
A3APM5_212,0
A3APM5_246,0
A3APM5_261,0
A3APM5_281,0
A3APM5_283,0
A3APM5_294,0
A3APM5_299,0
A3APM5_307,0
A3APM5_308,0
A3APM5_332,0
A3APM5_333,0
A3APM5_358,0
A3APM5_368,0
Q8RYE9_30,0
Q8RYE9_65,0
Q8RYE9_68,0
Q8RYE9_88,0
Q8RYE9_91,0
Q8RYE9_101,0
Q8RYE9_106,0
Q8RYE9_123,0
Q8RYE9_124,0
Q8RYE9_126,0
Q8RYE9_136,0
Q8RYE9_161,0
Q8RYE9_189,0
Q8RYE9_196,0
Q8RYE9_226,0
Q8RYE9_232,0
A0A4S4CYR8_3,0
A0A4S4CYR8_48,0
A0A4S4CYR8_51,0
A0A4S4CYR8_55,0
A0A4S4CYR8_72,0
A0A4S4CYR8_87,0
A0A4S4CYR8_105,0
A0A4S4CYR8_124,0
A0A4S4CYR8_160,0
A0A4S4CYR8_186,0
A0A4S4CYR8_222,0
Q1H557_22,0
Q1H557_32,0
Q1H557_43,0
Q1H557_61,0
Q1H557_69,0
Q1H557_115,0
Q1H557_124,0
Q1H557_128,0
Q1H557_140,0
A0A0P0W833_3,0
A0A0P0W833_8,0
Q9FX45_76,0
Q9FX45_78,0
Q9FX45_112,0
Q9FX45_118,0
Q9FX45_133,0
Q9FX45_141,0
Q9FX45_154,0
Q9FX45_163,0
Q9FX45_170,0
Q9FX45_174,0
Q9C633_5,0
Q9C633_7,0
Q9C633_12,0
Q9C633_16,0
Q9C633_25,0
Q9C633_28,0
Q9C633_33,0
Q9C633_95,0
Q9C633_117,0
Q9C633_121,0
Q9C633_262,0
Q10PB3_23,0
Q10PB3_30,0
Q10PB3_32,0
Q10PB3_46,0
Q10PB3_51,0
Q10PB3_111,0
Q10PB3_117,0
Q10PB3_150,0
Q10PB3_179,0
Q10PB3_196,0
Q10PB3_216,0
Q10PB3_223,0
Q10PB3_237,0
Q10PB3_248,0
Q10PB3_255,0
Q10PB3_267,0
Q10PB3_283,0
Q10PB3_297,0
Q10PB3_312,0
Q10PB3_318,0
Q10PB3_326,0
Q9SB47_6,0
Q9SB47_8,0
Q9SB47_12,0
Q9SB47_73,0
Q9SB47_74,0
Q9SB47_76,0
Q9SB47_79,0
Q9SB47_252,0
Q9SB47_255,0
Q9SB47_260,0
Q9SB47_278,0
Q9SB47_283,0
Q9SB47_284,0
Q9SB47_293,0
B7EKS0_51,0
B7EKS0_110,0
B7EKS0_122,0
B7EKS0_127,0
B9FM91_45,0
B9FM91_53,0
B9FM91_189,0
B9FM91_201,0
B9FM91_219,0
B9FM91_256,0
B9FM91_385,0
B9FM91_405,0
B9FM91_581,0
Q9FIJ7_53,0
Q9FIJ7_61,0
Q9FIJ7_66,0
Q9FIJ7_77,0
Q9FIJ7_87,0
Q9FIJ7_114,0
Q9FIJ7_119,0
Q9FIJ7_133,0
Q9FIJ7_144,0
Q9FIJ7_162,0
Q9FIJ7_196,0
Q9FIJ7_201,0
Q9FIJ7_224,0
Q9FIJ7_226,0
Q9FIJ7_230,0
Q9FIJ7_249,0
Q9FIJ7_256,0
Q0IXP3_75,0
Q0IXP3_97,0
Q0IXP3_158,0
Q0IXP3_225,0
Q0IXP3_231,0
Q0IXP3_249,0
Q0IXP3_256,0
Q0IXP3_269,0
Q0IXP3_280,0
Q6DYB5_7,0
Q6DYB5_40,0
Q6DYB5_42,0
Q6DYB5_51,0
Q6DYB5_58,0
Q6DYB5_64,0
Q6DYB5_71,0
A0A4S4D1K2_130,0
A0A4S4D1K2_193,0
A0A4S4D1K2_199,0
A0A4S4D1K2_213,0
A0A4S4D1K2_261,0
A0A4S4D1K2_284,0
A0A4S4D1K2_313,0
A0A4S4D1K2_330,0
A0A4S4D1K2_392,0
A0A4S4D1K2_393,0
A0A4S4D1K2_452,0
A0A4S4D1K2_459,0
A0A4S4D1K2_501,0
A0A4S4D1K2_514,0
A0A0P0XGD3_18,0
A0A0P0XGD3_47,0
A0A0P0XGD3_81,0
A0A0P0XGD3_141,0
A0A0P0XGD3_144,0
A0A0P0XGD3_176,0
A0A0P0XGD3_181,0
A0A0P0XGD3_187,0
A0A0P0XGD3_194,0
A0A0P0VI65_6,0
A0A0P0VI65_13,0
A0A0P0VI65_23,0
A0A0P0VI65_28,0
A0A0P0VI65_40,0
A0A0P0VI65_45,0
A0A0P0VI65_50,0
A0A0P0VI65_53,0
Q10SY5_19,0
Q10SY5_43,0
Q10SY5_60,0
Q10SY5_82,0
Q10SY5_86,0
Q10SY5_97,0
Q10SY5_124,0
Q10SY5_131,0
Q10SY5_147,0
Q10SY5_157,0
Q10SY5_185,0
Q10SY5_226,0
Q10SY5_244,0
A0A0P0WGW6_31,0
B9G5Y8_172,0
B9G5Y8_183,0
B9G5Y8_191,0
B9G5Y8_195,0
B9G5Y8_233,0
B9G5Y8_254,0
B9G5Y8_256,0
B9G5Y8_258,0
B9G5Y8_276,0
B9G5Y8_296,0
B9G5Y8_314,0
B9G5Y8_345,0
B9G5Y8_350,0
B9G5Y8_364,0
B9G5Y8_371,0
B9G5Y8_376,0
B9G5Y8_382,0
B9G5Y8_388,0
B9G5Y8_415,0
B9G5Y8_428,0
B9G5Y8_466,0
B9G5Y8_474,0
B9G5Y8_497,0
B9G5Y8_506,0
B9G5Y8_540,0
B9G5Y8_541,0
B9G5Y8_586,0
P48349_15,0
P48349_56,0
P48349_75,0
P48349_80,0
P48349_89,0
P48349_94,0
P48349_108,0
P48349_124,0
P48349_129,0
P48349_131,0
P48349_142,0
P48349_148,0
P48349_159,0
P48349_196,0
P48349_202,0
P48349_221,0
Q0IM80_7,0
A0A0P0WLH4_54,0
A0A0P0WLH4_64,0
A0A0P0WLH4_129,0
A0A0P0WLH4_150,0
A0A0P0WLH4_184,0
A0A0P0WLH4_189,0
A0A0P0WLH4_213,0
A0A0P0WLH4_265,0
A0A0P0WLH4_279,0
A0A0P0WLH4_297,0
A0A0P0WLH4_301,0
A0A0P0WLH4_305,0
A0A0P0WLH4_317,0
A0A4S4E5I9_2,0
A0A4S4E5I9_9,0
A0A4S4E5I9_89,0
A0A4S4E5I9_141,0
A0A4S4E5I9_150,0
A0A4S4E5I9_215,0
Q10MK8_18,0
Q10MK8_60,0
Q10MK8_62,0
Q10MK8_72,0
Q10MK8_98,0
Q10MK8_127,0
Q10MK8_131,0
Q10MK8_132,0
Q10MK8_189,0
Q10MK8_202,0
Q10MK8_203,0
Q84UI5_65,0
Q84UI5_67,0
Q84UI5_75,0
Q84UI5_96,0
Q84UI5_97,0
Q84UI5_105,0
Q84UI5_109,0
Q84UI5_116,0
Q84UI5_182,0
Q84UI5_195,0
Q84UI5_208,0
Q84UI5_265,0
Q84UI5_317,0
Q84UI5_331,0
Q84UI5_383,0
Q7XVG2_91,0
Q7XVG2_115,0
Q7XVG2_122,0
Q7XVG2_143,0
Q7XVG2_265,0
Q7XVG2_295,0
Q7XVG2_304,0
Q7XVG2_346,0
Q7XVG2_354,0
Q7XVG2_355,0
Q10RS6_56,0
Q10RS6_65,0
Q10RS6_70,0
Q10RS6_102,0
Q10RS6_175,0
Q10RS6_181,0
Q10RS6_258,0
Q10RS6_287,0
Q10RS6_313,0
Q10RS6_315,0
Q10RS6_322,0
Q10RS6_330,0
Q10RS6_375,0
Q10RS6_396,0
Q10RS6_417,0
Q10RS6_460,0
Q9STV7_6,0
Q9STV7_25,0
Q9STV7_52,0
Q9STV7_55,0
Q9STV7_56,0
Q9STV7_57,0
Q9STV7_64,0
Q9STV7_72,0
Q9STV7_74,0
Q9STV7_92,0
Q9STV7_125,0
Q9STV7_163,0
Q7XIZ0_63,0
Q7XIZ0_180,0
Q7XIZ0_216,0
Q7XIZ0_228,0
Q7XIZ0_239,0
Q7XIZ0_243,0
Q7XIZ0_258,0
Q7XIZ0_341,0
Q7XIZ0_405,0
Q7XIZ0_423,0
Q7XIZ0_554,0
Q7XIZ0_563,0
Q7XIZ0_577,0
Q7XIZ0_592,0
Q8W5F3_11,0
Q8W5F3_58,0
Q8W5F3_110,0
Q8W5F3_134,0
Q8W5F3_186,0
Q8W5F3_201,0
Q8W5F3_206,0
Q8W5F3_222,0
Q8W5F3_224,0
Q8W5F3_225,0
Q8W5F3_232,0
Q8W5F3_238,0
Q8W5F3_251,0
Q8W5F3_299,0
Q8W5F3_302,0
Q8W5F3_333,0
Q8W5F3_339,0
Q9SNN0_40,0
Q9SNN0_92,0
Q9SNN0_96,0
Q9SNN0_151,0
Q9SNN0_178,0
Q9SNN0_204,0
Q9SNN0_253,0
Q9SNN0_257,0
Q9SNN0_269,0
Q9SNN0_271,0
Q9SNN0_285,0
Q9SNN0_287,0
Q9SNN0_380,0
Q9SNN0_457,0
Q9SNN0_465,0
Q9SNN0_545,0
Q9SNN0_637,0
Q7XBT2_14,0
Q7XBT2_76,0
Q7XBT2_185,0
Q7XBT2_246,0
Q7XBT2_253,0
Q7XBT2_301,0
Q7XBT2_304,0
Q7XBT2_354,0
Q7XBT2_396,0
Q7XBT2_491,0
Q2HIQ5_8,0
Q2HIQ5_14,0
Q2HIQ5_28,0
Q2HIQ5_48,0
Q2HIQ5_53,0
Q2HIQ5_59,0
A0A0P0VAL7_224,0
A0A0P0VAL7_277,0
A0A0P0VAL7_282,0
A0A0P0VAL7_299,0
A0A0P0VAL7_320,0
A0A0P0VAL7_355,0
A0A0P0VAL7_365,0
A0A0P0VAL7_368,0
A0A0P0VAL7_369,0
A0A0P0VAL7_418,0
A0A0P0VAL7_462,0
A0A0P0VAL7_470,0
A0A0P0VAL7_472,0
A0A0P0W270_43,0
A0A0P0W270_51,0
A0A0P0W270_92,0
A0A0P0W270_109,0
A0A0P0W270_186,0
A0A0P0W270_187,0
A0A0P0W270_213,0
A0A0P0VQ52_5,0
A0A0P0VQ52_19,0
A0A0P0VQ52_23,0
A0A0P0VQ52_31,0
A0A0P0VQ52_44,0
A0A0P0VQ52_51,0
A0A0P0VQ52_55,0
A0A0P0VQ52_82,0
A0A0P0VQ52_93,0
A0A0P0VQ52_95,0
A0A0P0VQ52_102,0
A0A0P0VQ52_111,0
A0A0P0VQ52_120,0
A0A0P0VQ52_135,0
A0A4S4D708_39,0
A0A4S4D708_44,0
A0A4S4D708_69,0
A0A4S4D708_70,0
A0A4S4D708_125,0
A0A4S4D708_129,0
A0A4S4D708_132,0
A0A4S4D708_144,0
A0A4S4D708_147,0
A0A4S4D708_151,0
A0A4S4D708_157,0
A0A4S4D708_173,0
A0A4S4D708_188,0
A0A4S4D708_193,0
A0A4S4D708_226,0
A0A4S4D708_227,0
A0A4S4D708_240,0
A0A4S4CZ07_14,0
A0A4S4CZ07_21,0
A0A4S4CZ07_42,0
A0A4S4CZ07_63,0
A0A4S4CZ07_86,0
A0A4S4CZ07_110,0
A0A4S4CZ07_113,0
A0A4S4CZ07_120,0
A0A4S4CZ07_128,0
A0A4S4CZ07_147,0
A0A4S4CZ07_155,0
A0A4S4CZ07_210,0
A0A4S4CZ07_217,0
Q6ZA50_17,0
Q6ZA50_18,0
Q6ZA50_26,0
Q6ZA50_62,0
Q6ZA50_70,0
Q6ZA50_96,0
Q6ZA50_102,0
Q6ZA50_109,0
Q6ZA50_117,0
A0A4S4D949_15,0
A0A4S4D949_67,0
A0A4S4D949_145,0
A0A4S4D949_155,0
A0A4S4D949_220,0
A0A4S4D949_260,0
Q9LYF5_61,0
Q9LYF5_72,0
Q9LYF5_76,0
Q9LYF5_108,0
Q9LYF5_110,0
Q9LYF5_114,0
Q9LYF5_117,0
Q9LYF5_125,0
Q9LYF5_141,0
Q9LYF5_149,0
Q9LYF5_156,0
Q9LYF5_163,0
Q9LYF5_204,0
Q9LYF5_208,0
Q9LYF5_209,0
Q9LYF5_210,0
Q9LYF5_215,0
Q9LYF5_222,0
Q9LYF5_227,0
Q9LYF5_228,0
Q8L4J7_26,0
Q8L4J7_74,0
Q8L4J7_78,0
Q8L4J7_80,0
Q8L4J7_92,0
Q8L4J7_94,0
Q8L4J7_106,0
Q8L4J7_207,0
Q8L4J7_212,0
Q8L4J7_241,0
Q8L4J7_265,0
A0A0P0V482_54,0
A0A0P0V482_62,0
A0A0P0V482_100,0
A0A0P0V482_112,0
A0A0P0V482_257,0
A0A0P0V482_279,0
A0A0P0V482_306,0
A0A0P0V482_355,0
A0A0P0V482_366,0
A0A0P0V482_385,0
A0A0P0V482_388,0
A0A0P0V482_392,0
A0A0P0V482_418,0
A0A0P0V482_422,0
A0A4S4CXJ1_34,0
A0A4S4CXJ1_40,0
A0A4S4CXJ1_66,0
A0A4S4CXJ1_104,0
A0A4S4CXJ1_111,0
A0A4S4CXJ1_117,0
A0A4S4CXJ1_192,0
A0A4S4CXJ1_274,0
A0A4S4CXJ1_295,0
A0A4S4CXJ1_305,0
A0A4S4CXJ1_306,0
A0A4S4CXJ1_357,0
A0A4S4CXJ1_385,0
A0A4S4CXJ1_463,0
Q0DTD8_25,0
Q0DTD8_37,0
Q0DTD8_52,0
Q0DTD8_68,0
Q0DTD8_74,0
Q0DTD8_164,0
Q0DTD8_177,0
Q0DTD8_178,0
Q0DTD8_193,0
Q0DTD8_207,0
Q0DTD8_217,0
Q0DTD8_291,0
Q0DTD8_333,0
Q0DTD8_373,0
Q0DTD8_405,0
Q0DTD8_453,0
Q0DTD8_458,0
Q2RBD2_64,0
Q2RBD2_81,0
Q2RBD2_88,0
Q2RBD2_101,0
Q8H7P2_23,0
Q8H7P2_196,0
Q8H7P2_272,0
Q8H7P2_344,0
Q8H7P2_349,0
Q8H7P2_368,0
Q8H7P2_371,0
Q8H7P2_372,0
Q8H7P2_373,0
Q8H7P2_377,0
Q8H7P2_390,0
A0A4S4D5P3_51,0
A0A4S4D5P3_78,0
A0A4S4D5P3_86,0
A0A4S4D5P3_94,0
A0A4S4D5P3_119,0
A0A4S4D5P3_127,0
A0A4S4D5P3_156,0
A0A4S4D5P3_160,0
A0A4S4D5P3_163,0
A0A4S4D5P3_168,0
A0A4S4D5P3_169,0
A0A4S4D5P3_218,0
A0A0N7KPL8_113,0
Q0DXC3_32,0
Q0DXC3_48,0
Q0DXC3_63,0
Q0DXC3_126,0
Q0DXC3_129,0
Q0DXC3_130,0
Q0DXC3_135,0
P34789_6,0
P34789_12,0
P34789_29,0
P34789_42,0
Q653Y4_66,0
Q653Y4_95,0
Q653Y4_117,0
Q653Y4_147,0
Q653Y4_196,0
Q653Y4_210,0
Q653Y4_219,0
Q653Y4_233,0
Q653Y4_301,0
Q653Y4_343,0
Q653Y4_351,0
Q653Y4_374,0
Q653Y4_507,0
Q7XPV9_22,0
Q7XPV9_25,0
Q7XPV9_28,0
Q7XPV9_40,0
Q7XPV9_45,0
Q7XPV9_77,0
Q7XPV9_84,0
Q7XPV9_94,0
Q7XPV9_96,0
Q7XPV9_100,0
Q7XPV9_140,0
Q7XPV9_142,0
Q7XPV9_145,0
Q7XPV9_146,0
Q7XPV9_165,0
Q65XE5_10,0
Q65XE5_44,0
Q65XE5_51,0
Q65XE5_52,0
Q65XE5_115,0
Q65XE5_144,0
Q65XE5_164,0
Q65XE5_289,0
Q65XE5_291,0
Q65XE5_295,0
Q65XE5_303,0
Q65XE5_306,0
Q0DP78_14,0
Q0DP78_20,0
Q0DP78_128,0
Q0DP78_134,0
Q0DP78_155,0
Q0DP78_159,0
Q0DP78_163,0
Q0DP78_181,0
Q0DP78_255,0
Q0DP78_298,0
Q0DP78_299,0
Q0DP78_337,0
Q0DP78_352,0
A0A4S4EH99_12,0
A0A4S4EH99_19,0
A0A4S4EH99_24,0
A0A4S4EH99_31,0
A0A4S4EH99_46,0
A0A4S4EH99_47,0
A0A4S4EH99_85,0
A0A4S4EH99_86,0
A0A4S4EH99_106,0
A0A4S4EH99_129,0
A0A4S4EH99_130,0
A0A4S4EH99_133,0
A0A4S4EH99_135,0
A2ZPT2_51,0
A2ZPT2_52,0
A2ZPT2_62,0
A2ZPT2_91,0
A2ZPT2_99,0
A2ZPT2_100,0
A2ZPT2_119,0
A2ZPT2_121,0
A2ZPT2_128,0
A2ZPT2_131,0
A3BS40_188,0
A3BS40_207,0
A3BS40_227,0
A3BS40_247,0
A3BS40_252,0
A3BS40_262,0
A3BS40_266,0
A3BS40_273,0
A3BS40_288,0
A3BS40_291,0
A3BS40_295,0
A3BS40_311,0
A0A4V3WMV5_14,0
A0A4V3WMV5_15,0
A0A4V3WMV5_27,0
A0A4V3WMV5_34,0
A0A4V3WMV5_39,0
A0A4V3WMV5_59,0
A0A4V3WMV5_82,0
A0A4V3WMV5_92,0
A0A4V3WMV5_100,0
A0A4V3WMV5_161,0
A0A4V3WMV5_182,0
A0A4V3WMV5_185,0
A0A4V3WMV5_194,0
A0A0P0WGP6_7,0
A0A0P0WGP6_25,0
A0A0P0WGP6_27,0
A0A0P0WGP6_130,0
A0A0P0WGP6_144,0
A0A0P0WGP6_180,0
A0A0P0WGP6_185,0
A0A0P0WGP6_203,0
A0A0P0WGP6_213,0
A0A0P0WGP6_230,0
A0A0P0WGP6_236,0
A0A5S6RAZ5_6,0
A0A5S6RAZ5_16,0
A0A5S6RAZ5_90,0
A0A5S6RAZ5_92,0
A0A5S6RAZ5_102,0
A0A5S6RAZ5_134,0
A0A5S6RAZ5_187,0
A0A5S6RAZ5_260,0
A0A5S6RAZ5_305,0
A0A5S6RAZ5_352,0
A0A5S6RAZ5_434,0
A0A5S6RAZ5_442,0
A0A5S6RAZ5_443,0
A0A5S6RAZ5_450,0
A0A5S6RAZ5_455,0
A0A5S6RAZ5_460,0
A0A5S6RAZ5_465,0
A0A0P0XD58_5,0
A0A0P0XD58_8,0
A0A0P0XD58_9,0
A0A0P0XD58_12,0
A0A0P0XD58_18,0
A0A0P0XD58_20,0
A0A0P0XD58_33,0
A0A0P0XD58_38,0
A0A0P0XD58_42,0
A0A0P0XD58_43,0
A0A0P0XD58_53,0
A0A0P0XD58_58,0
A0A0P0XD58_66,0
A0A0P0XD58_75,0
A0A0P0XD58_83,0
A0A0P0XD58_89,0
A0A0P0XD58_92,0
Q6EUD8_7,0
Q6EUD8_27,0
Q6EUD8_33,0
Q6EUD8_86,0
Q6EUD8_124,0
Q6EUD8_126,0
Q6EUD8_147,0
Q6EUD8_155,0
Q6EUD8_165,0
Q6EUD8_188,0
Q6EUD8_202,0
Q6EUD8_209,0
Q6EUD8_253,0
Q6EUD8_257,0
Q6EUD8_267,0
Q6EUD8_351,0
Q6EUD8_354,0
Q6EUD8_361,0
Q6EUD8_379,0
Q6EUD8_427,0
Q6EUD8_440,0
Q6EUD8_452,0
C6F1Q5_52,0
C6F1Q5_90,0
C6F1Q5_160,0
C6F1Q5_173,0
C6F1Q5_182,0
C6F1Q5_186,0
C6F1Q5_198,0
C6F1Q5_199,0
C6F1Q5_214,0
C6F1Q5_276,0
C6F1Q5_284,0
C6F1Q5_292,0
C6F1Q5_296,0
C6F1Q5_321,0
C6F1Q5_348,0
C6F1Q5_361,0
C6F1Q5_362,0
Q10NH3_10,0
Q10NH3_22,0
Q10NH3_54,0
Q10NH3_63,0
Q10NH3_99,0
Q10NH3_113,0
Q10NH3_146,0
Q10NH3_175,0
Q10NH3_183,0
Q10NH3_213,0
Q10NH3_231,0
Q10NH3_237,0
Q10NH3_265,0
Q9MA55_33,0
Q9MA55_38,0
Q9MA55_63,0
Q9MA55_74,0
Q9MA55_76,0
Q9MA55_95,0
Q9MA55_125,0
Q9MA55_140,0
Q9MA55_155,0
Q9MA55_182,0
Q9MA55_195,0
Q9MA55_217,0
Q9MA55_227,0
Q9MA55_255,0
Q9MA55_264,0
Q9MA55_273,0
Q9MA55_286,0
Q9MA55_290,0
Q9MA55_305,0
Q9MA55_316,0
Q9MA55_418,0
Q9MA55_482,0
Q9MA55_486,0
Q9MA55_492,0
Q9MA55_538,0
Q9MA55_551,0
Q9MA55_554,0
Q9MA55_563,0
Q9MA55_587,0
Q9MA55_605,0
Q9MA55_616,0
Q9MA55_625,0
Q9MA55_634,0
Q9MA55_645,0
Q9MA55_663,0
Q6EPA2_66,0
Q6EPA2_69,0
Q6EPA2_89,0
Q6EPA2_154,0
Q6EPA2_155,0
Q6EPA2_172,0
Q6EPA2_215,0
Q6EPA2_222,0
Q6EPA2_251,0
Q6EPA2_272,0
Q6EPA2_274,0
A0A0P0UYC1_7,0
A0A0P0UYC1_8,0
A0A0P0UYC1_12,0
A0A0P0UYC1_14,0
A0A0P0UYC1_39,0
A0A0P0UYC1_99,0
A0A0P0UYC1_108,0
A0A0P0UYC1_122,0
A0A0P0UYC1_133,0
A0A0P0UYC1_217,0
A0A0P0UYC1_242,0
A0A0P0UYC1_281,0
A0A0P0UYC1_294,0
A0A0P0UYC1_307,0
A0A0P0UYC1_326,0
A0A0P0UYC1_329,0
A0A0P0UYC1_355,0
A0A0P0UYC1_362,0
B9F1F4_3,0
B9F1F4_79,0
B9F1F4_127,0
B9F1F4_133,0
B9F1F4_155,0
B9F1F4_157,0
B9F1F4_169,0
B9F1F4_229,0
B9F1F4_249,0
B9F1F4_252,0
B9F1F4_271,0
Q7XMI6_44,0
Q7XMI6_47,0
Q7XMI6_160,0
Q7XMI6_163,0
Q7XMI6_181,0
Q7XMI6_185,0
Q7XMI6_186,0
Q7XMI6_199,0
Q7XMI6_228,0
Q7XMI6_255,0
Q7XMI6_276,0
Q7XMI6_285,0
Q7XMI6_303,0
Q7XMI6_342,0
A0A0P0VRI0_12,0
A0A0P0VRI0_15,0
A0A0P0VRI0_25,0
A0A0P0VRI0_47,0
A0A0P0VRI0_55,0
A0A0P0VRI0_58,0
A0A0P0VRI0_78,0
A0A0P0VRI0_79,0
A0A0P0VRI0_81,0
A0A0P0VRI0_86,0
A0A0P0VRI0_87,0
A0A0P0VRI0_98,0
A0A0P0VRI0_103,0
A0A0P0VRI0_121,0
A0A0P0VRI0_125,0
A0A0P0VRI0_135,0
Q0DGV3_27,0
Q0DGV3_106,0
Q0DGV3_156,0
Q0DGV3_180,0
Q6ZI84_72,0
Q6ZI84_99,0
Q6ZI84_110,0
Q6ZI84_118,0
Q6ZI84_130,0
Q6ZI84_138,0
Q6ZI84_144,0
Q6ZI84_145,0
Q6ZI84_149,0
Q6ZI84_192,0
Q6ZI84_195,0
Q6ZI84_220,0
A0A0N7KFQ6_25,0
A0A0N7KFQ6_27,0
A0A0N7KFQ6_29,0
A0A0N7KFQ6_30,0
A0A0N7KFQ6_31,0
A0A0N7KFQ6_32,0
A0A0N7KFQ6_33,0
A0A0N7KFQ6_48,0
A0A0N7KFQ6_49,0
A0A0N7KFQ6_53,0
A0A0N7KFQ6_64,0
A0A0N7KFQ6_65,0
A0A0N7KFQ6_77,0
A0A0N7KFQ6_82,0
A0A0N7KFQ6_88,0
B7E931_25,0
B7E931_76,0
B7E931_100,0
B7E931_102,0
B7E931_121,0
B7E931_150,0
B7E931_151,0
Q944L8_8,0
Q944L8_40,0
Q944L8_55,0
Q944L8_57,0
Q944L8_84,0
Q944L8_104,0
Q944L8_106,0
Q944L8_125,0
Q944L8_140,0
Q944L8_143,0
Q944L8_156,0
Q944L8_169,0
Q944L8_172,0
Q944L8_199,0
Q944L8_203,0
Q944L8_210,0
Q944L8_256,0
Q944L8_257,0
A0A4S4E9U4_13,0
A0A4S4E9U4_17,0
A0A4S4E9U4_18,0
A0A4S4E9U4_20,0
A0A4S4E9U4_21,0
A0A4S4E9U4_31,0
A0A4S4E9U4_59,0
A0A4S4E9U4_83,0
A0A4S4E9U4_104,0
A0A4S4E9U4_142,0
A0A4S4E9U4_156,0
A0A4S4E9U4_169,0
A0A4S4E9U4_180,0
Q67UP9-2_9,0
Q67UP9-2_12,0
Q67UP9-2_21,0
Q67UP9-2_23,0
Q67UP9-2_66,0
Q67UP9-2_70,0
Q67UP9-2_93,0
Q67UP9-2_117,0
Q67UP9-2_199,0
Q67UP9-2_211,0
Q67UP9-2_237,0
Q67UP9-2_240,0
Q67UP9-2_246,0
Q9SIY2_10,0
Q9SIY2_31,0
Q9SIY2_57,0
Q9SIY2_61,0
Q9SIY2_70,0
Q9SIY2_165,0
Q9SIY2_166,0
Q9SIY2_168,0
Q9M9T9_33,0
Q9M9T9_46,0
Q9M9T9_48,0
Q9M9T9_50,0
Q9M9T9_68,0
Q9M9T9_77,0
Q9M9T9_98,0
Q9M9T9_118,0
Q9M9T9_130,0
Q9M9T9_141,0
Q9M9T9_159,0
Q9M9T9_164,0
Q9M9T9_174,0
Q9M9T9_176,0
Q9M9T9_179,0
Q0DT31_117,0
Q0DT31_154,0
A0A1P8B756_4,0
A0A1P8B756_9,0
A0A1P8B756_11,0
A0A1P8B756_19,0
A0A1P8B756_35,0
A0A1P8B756_54,0
A0A1P8B756_70,0
A0A1P8B756_71,0
A0A1P8B756_73,0
A0A1P8B756_86,0
A0A1P8B756_100,0
A0A1P8B756_103,0
A0A1P8B756_112,0
A0A1P8B756_118,0
A0A1P8B756_122,0
A0A1P8B756_124,0
A0A1P8B756_131,0
Q5QLQ5_71,0
Q5QLQ5_88,0
Q5QLQ5_108,0
Q5QLQ5_113,0
Q5QLQ5_134,0
Q5QLQ5_136,0
Q5QLQ5_141,0
Q5QLQ5_146,0
Q5QLQ5_149,0
Q5QLQ5_151,0
Q5QLQ5_161,0
Q5QLQ5_235,0
Q5QLQ5_246,0
Q5QLQ5_265,0
Q5QLQ5_267,0
Q5QLQ5_271,0
Q5QLQ5_272,0
Q5QLQ5_283,0
Q5QLQ5_304,0
Q10S64_3,0
Q10S64_9,0
Q10S64_10,0
Q10S64_15,0
Q10S64_18,0
Q10S64_20,0
Q10S64_52,0
Q10S64_94,0
Q6ZI52_26,0
Q6ZI52_33,0
Q6ZI52_39,0
Q6ZI52_46,0
Q6ZI52_47,0
Q6ZI52_86,0
Q6ZI52_103,0
Q6ZI52_112,0
Q6ZI52_113,0
Q6ZI52_143,0
Q6ZI52_148,0
Q6ZI52_153,0
Q6ZI52_162,0
Q6ZI52_186,0
Q6ZI52_198,0
Q65XG6_12,0
Q65XG6_57,0
Q65XG6_123,0
Q65XG6_155,0
Q65XG6_156,0
Q65XG6_161,0
Q65XG6_171,0
Q65XG6_176,0
Q65XG6_190,0
Q65XG6_252,0
Q65XG6_263,0
Q65XG6_293,0
Q65XG6_353,0
Q65XG6_373,0
Q65XG6_377,0
Q65XG6_382,0
Q65XG6_393,0
Q6YS19_12,0
Q6YS19_78,0
Q6YS19_81,0
Q6YS19_142,0
Q6YS19_149,0
Q6YS19_161,0
Q6YS19_193,0
Q6YS19_249,0
A0A4S4F2H0_100,0
A0A4S4F2H0_137,0
A0A4S4F2H0_140,0
A0A4S4F2H0_142,0
A0A4S4F2H0_164,0
A0A4S4F2H0_178,0
A0A4S4F2H0_183,0
A0A4S4F2H0_186,0
Q9LXG1_12,0
Q9LXG1_15,0
Q9LXG1_23,0
Q9LXG1_31,0
Q9LXG1_41,0
Q9LXG1_67,0
Q9LXG1_94,0
Q9LXG1_117,0
Q9LXG1_122,0
Q9LXG1_140,0
Q9LXG1_156,0
Q9LXG1_175,0
Q9LXG1_180,0
Q9LXG1_184,0
Q9LXG1_185,0
B9FU14_35,0
B9FU14_56,0
B9FU14_77,0
B9FU14_80,0
B9FU14_84,0
B9FU14_85,0
B9FU14_86,0
B9FU14_87,0
B9FU14_88,0
B9FU14_89,0
B9FU14_90,0
B9FU14_91,0
B9FU14_95,0
B9FU14_108,0
B9FU14_145,0
B9FU14_148,0
B9FU14_149,0
A0A0P0WHN5_8,0
A0A0P0WHN5_40,0
A0A0P0WHN5_56,0
A0A0P0WHN5_64,0
A0A0P0WHN5_65,0
A0A0P0WHN5_69,0
A0A0P0WHN5_111,0
Q60EH3_8,0
Q60EH3_30,0
Q60EH3_128,0
Q60EH3_209,0
Q60EH3_219,0
Q60EH3_276,0
Q60EH3_278,0
Q60EH3_282,0
Q9SSB8_11,0
Q9SSB8_64,0
Q9SSB8_65,0
Q9SSB8_79,0
Q9SSB8_90,0
Q9SSB8_104,0
Q9SSB8_111,0
Q9SSB8_139,0
Q9SSB8_141,0
Q9SSB8_153,0
A3BJJ9_28,0
A3BJJ9_32,0
A3BJJ9_78,0
A3BJJ9_79,0
A3BJJ9_86,0
A3BJJ9_108,0
A3BJJ9_123,0
A3BJJ9_145,0
A3BJJ9_198,0
A3BJJ9_205,0
A3BJJ9_208,0
A3BJJ9_209,0
A3BJJ9_251,0
A3BJJ9_275,0
A3BJJ9_317,0
A3BJJ9_318,0
A3BJJ9_322,0
Q0DP82_9,0
Q0DP82_34,0
Q0DP82_38,0
Q0DP82_40,0
Q0DP82_54,0
Q0DP82_57,0
Q0DP82_107,0
Q0DP82_119,0
Q7XKB7_26,0
Q7XKB7_36,0
Q7XKB7_96,0
Q7XKB7_98,0
Q7XKB7_214,0
Q7XKB7_219,0
Q7XKB7_222,0
Q7XKB7_226,0
Q7XKB7_252,0
Q7XKB7_254,0
Q9LTS6_13,0
Q9LTS6_32,0
Q9LTS6_50,0
Q9LTS6_55,0
Q9LTS6_60,0
Q9LTS6_94,0
Q9LTS6_116,0
Q9LTS6_126,0
Q9LTS6_133,0
A0A0P0WBZ9_18,0
A0A0P0WBZ9_41,0
A0A0P0WBZ9_42,0
A0A0P0WBZ9_55,0
A0A0P0WBZ9_59,0
A0A0P0WBZ9_64,0
A0A0P0WBZ9_74,0
A0A0P0WBZ9_90,0
A0A0P0WBZ9_91,0
A0A0P0WBZ9_92,0
A0A0P0WBZ9_93,0
A0A0P0WBZ9_98,0
A0A0P0WBZ9_99,0
A0A4S4EME1_6,0
A0A4S4EME1_55,0
A0A4S4EME1_62,0
A0A4S4EME1_76,0
Q7XJX6_21,0
Q7XJX6_35,0
Q7XJX6_36,0
Q7XJX6_37,0
Q7XJX6_50,0
Q7XJX6_51,0
Q7XJX6_56,0
Q7XJX6_74,0
Q7XJX6_107,0
Q7XJX6_110,0
Q7XJX6_150,0
Q7XJX6_173,0
Q7XJX6_187,0
Q7XJX6_198,0
Q7XJX6_213,0
Q7XJX6_214,0
Q7XJX6_219,0
Q7XJX6_220,0
Q7XJX6_231,0
Q7XJX6_245,0
B9F3Z5_20,0
B9F3Z5_29,0
B9F3Z5_60,0
B9F3Z5_63,0
B9F3Z5_78,0
B9F3Z5_89,0
A0A4S4EVU3_7,0
A0A4S4EVU3_17,0
A0A4S4EVU3_19,0
A0A4S4EVU3_44,0
A0A4S4EVU3_86,0
A0A4S4EVU3_151,0
A0A4S4EVU3_155,0
A0A4S4EVU3_159,0
A0A4S4EVU3_160,0
A0A4S4F205_33,0
A0A4S4F205_50,0
A0A4S4F205_59,0
A0A4S4F205_61,0
A0A4S4F205_76,0
A0A4S4F205_79,0
A0A4S4F205_92,0
A0A4S4F205_108,0
A0A4S4F205_139,0
A0A4S4F205_145,0
A0A4S4F205_178,0
A0A4S4F205_184,0
A0A4S4F205_193,0
A0A4S4F205_196,0
A0A4S4F205_226,0
A0A4S4F205_242,0
A0A4S4F205_243,0
A0A4S4F205_259,0
A0A4S4F205_265,0
A0A4S4F205_268,0
A0A4S4F205_271,0
A0A4S4F205_304,0
A0A4S4F205_333,0
B9FH51_23,0
B9FH51_44,0
B9FH51_86,0
B9FH51_99,0
B9FH51_153,0
B9FH51_220,0
B9FH51_223,0
B9FH51_259,0
B9FH51_313,0
B9FH51_318,0
B9FH51_321,0
A0A0P0W3I3_43,0
A0A0P0W3I3_57,0
A0A0P0W3I3_135,0
Q8LDC9_3,0
Q8LDC9_16,0
Q8LDC9_22,0
Q8LDC9_32,0
Q8LDC9_61,0
Q8LDC9_77,0
Q8LDC9_81,0
Q0DFU5_13,0
Q0DFU5_104,0
Q0DFU5_115,0
Q0DFU5_138,0
Q0DFU5_142,0
Q0DFU5_178,0
Q0DFU5_183,0
Q0DFU5_190,0
Q0DFU5_214,0
Q0DFU5_217,0
B9G4L4_2,0
B9G4L4_52,0
B9G4L4_118,0
B9G4L4_186,0
B9G4L4_257,0
B9G4L4_273,0
Q6YTY0_11,0
Q6YTY0_12,0
Q6YTY0_16,0
Q6YTY0_17,0
Q6YTY0_21,0
Q6YTY0_54,0
Q6YTY0_78,0
Q8GYB8_9,0
Q8GYB8_19,0
Q8GYB8_38,0
Q8GYB8_85,0
Q8GYB8_92,0
Q8GYB8_101,0
Q8GYB8_133,0
Q8GYB8_197,0
Q8GYB8_199,0
Q8GYB8_216,0
Q8GYB8_227,0
Q8GYB8_265,0
Q8GYB8_279,0
Q8GYB8_299,0
Q8GYB8_319,0
Q8GYB8_339,0
Q8GYB8_349,0
Q8L4N1_14,0
Q8L4N1_46,0
Q8L4N1_113,0
Q8L4N1_126,0
Q8L4N1_132,0
Q8L4N1_135,0
Q8L4N1_142,0
Q8L4N1_147,0
Q8L4N1_178,0
Q8L4N1_184,0
Q8L4N1_229,0
Q8L4N1_245,0
Q8L4N1_258,0
Q7EZD7-2_50,0
Q7EZD7-2_52,0
Q7EZD7-2_123,0
Q7EZD7-2_136,0
Q7EZD7-2_173,0
Q7EZD7-2_206,0
Q7EZD7-2_229,0
Q7EZD7-2_240,0
Q7EZD7-2_308,0
Q7EZD7-2_334,0
Q7EZD7-2_346,0
Q7EZD7-2_371,0
A0A4S4DBL4_50,0
A0A4S4DBL4_56,0
A0A4S4DBL4_59,0
A0A4S4DBL4_85,0
A0A4S4DBL4_93,0
A0A4S4DBL4_97,0
A0A4S4DBL4_108,0
A0A4S4DBL4_126,0
A0A4S4DBL4_132,0
A0A4S4DBL4_140,0
Q7X993_19,0
Q7X993_45,0
Q7X993_50,0
Q7X993_64,0
Q7X993_69,0
Q7X993_70,0
Q7X993_80,0
Q7X993_82,0
Q7X993_92,0
Q7X993_131,0
Q7X993_165,0
Q7X993_167,0
Q7X993_172,0
Q7X993_184,0
Q7X993_204,0
Q7X993_276,0
Q0DEY2_72,0
Q0DEY2_83,0
Q0DEY2_260,0
Q0DEY2_306,0
Q0DEY2_340,0
Q0DEY2_360,0
Q0DEY2_386,0
Q0DEY2_403,0
Q0DEY2_408,0
Q6K602_40,0
Q6K602_41,0
Q6K602_68,0
Q6K602_98,0
Q6K602_106,0
Q6K602_162,0
Q6K602_189,0
Q6K602_190,0
Q6K602_218,0
Q6K602_219,0
Q6K602_237,0
Q6K602_243,0
Q6K602_250,0
Q6K602_282,0
Q6K602_310,0
Q94JQ7_52,0
Q94JQ7_61,0
Q94JQ7_68,0
Q94JQ7_75,0
Q94JQ7_82,0
Q94JQ7_84,0
Q94JQ7_109,0
Q94JQ7_118,0
Q94JQ7_138,0
B9F3Y6_38,0
B9F3Y6_77,0
B9F3Y6_188,0
B9F3Y6_353,0
Q7FAX1_8,0
Q7FAX1_40,0
Q7FAX1_133,0
Q7FAX1_139,0
Q7FAX1_164,0
Q7FAX1_172,0
Q7FAX1_198,0
Q7FAX1_209,0
Q7FAX1_217,0
Q7FAX1_242,0
Q7FAX1_244,0
Q8GZ43_13,0
Q8GZ43_58,0
Q8GZ43_62,0
Q8GZ43_186,0
Q8GZ43_189,0
Q8GZ43_218,0
Q8GZ43_223,0
Q8GZ43_234,0
Q8GZ43_237,0
Q8GZ43_246,0
Q8GZ43_260,0
Q8GZ43_270,0
Q9LUJ9_18,0
Q9LUJ9_29,0
Q9LUJ9_37,0
Q9LUJ9_39,0
Q9LUJ9_42,0
Q9LUJ9_50,0
Q9LUJ9_59,0
Q9LUJ9_72,0
Q9LUJ9_74,0
Q9LUJ9_94,0
Q7XPT6_77,0
Q7XPT6_139,0
Q7XPT6_141,0
Q7XPT6_152,0
Q7XPT6_157,0
Q7XPT6_166,0
Q7XPT6_196,0
Q7XPT6_201,0
Q7XPT6_202,0
Q7XPT6_210,0
A0A4S4E5E3_3,0
A0A4S4E5E3_35,0
A0A4S4E5E3_41,0
A0A4S4E5E3_42,0
A0A4S4E5E3_86,0
A0A4S4E5E3_92,0
A0A4S4E5E3_98,0
B9F3C2_6,0
B9F3C2_7,0
B9F3C2_10,0
B9F3C2_11,0
B9F3C2_24,0
B9F3C2_27,0
B9F3C2_47,0
B9F3C2_55,0
B9F3C2_74,0
B9F3C2_87,0
B9F3C2_91,0
B9F3C2_103,0
B9F3C2_105,0
B9F3C2_109,0
B9F3C2_113,0
B9F3C2_114,0
B9F3C2_116,0
A3CJV2_2,0
A3CJV2_13,0
A3CJV2_16,0
A3CJV2_18,0
A3CJV2_25,0
A3CJV2_34,0
A3CJV2_64,0
A3CJV2_79,0
A3CJV2_90,0
A3CJV2_93,0
A3CJV2_95,0
A3CJV2_102,0
A3CJV2_111,0
A3CJV2_125,0
A3CJV2_132,0
A3CJV2_134,0
A3CJV2_157,0
Q6ZH56_58,0
Q6ZH56_102,0
Q6ZH56_116,0
Q6ZH56_130,0
Q6ZH56_169,0
Q6ZH56_179,0
Q6ZH56_183,0
Q6ZH56_212,0
Q6ZH56_218,0
A0A4S4ET17_3,0
A0A4S4ET17_5,0
A0A4S4ET17_7,0
A0A4S4ET17_10,0
A0A4S4ET17_13,0
A0A4S4ET17_16,0
A0A4S4ET17_23,0
A0A4S4ET17_29,0
A0A4S4ET17_56,0
A0A4S4ET17_64,0
A0A4S4ET17_67,0
A0A4S4ET17_68,0
A0A4S4ET17_69,0
A0A4S4ET17_79,0
A0A4S4ET17_119,0
A0A0P0WB09_188,0
A0A0P0WB09_219,0
A0A0P0WB09_221,0
A0A0P0WB09_228,0
A0A0P0WB09_310,0
O82656_5,0
O82656_30,0
O82656_51,0
O82656_90,0
O82656_101,0
O82656_110,0
O82656_115,0
O82656_124,0
O82656_174,0
O82656_196,0
O82656_199,0
O82656_215,0
O82656_239,0
O82656_249,0
O82656_297,0
O82656_304,0
Q9SIP0_14,0
Q9SIP0_25,0
Q9SIP0_42,0
Q9SIP0_59,0
Q9SIP0_62,0
Q9SIP0_111,0
Q9SIP0_126,0
Q9SIP0_141,0
Q9SIP0_163,0
Q9SIP0_180,0
Q9SIP0_188,0
Q9SIP0_194,0
Q9SIP0_201,0
Q9SIP0_205,0
A0A4S4CWH6_2,0
A0A4S4CWH6_18,0
A0A4S4CWH6_44,0
A0A4S4CWH6_76,0
A0A4S4CWH6_119,0
A0A4S4CWH6_132,0
A0A4S4CWH6_225,0
A0A4S4CWH6_232,0
Q94JS0_85,0
Q94JS0_90,0
Q94JS0_108,0
Q94JS0_133,0
Q94JS0_142,0
Q94JS0_166,0
Q94JS0_170,0
Q94JS0_183,0
Q94JS0_204,0
Q94JS0_249,0
Q94JS0_268,0
Q93YN3_7,0
Q93YN3_37,0
Q93YN3_91,0
Q93YN3_108,0
Q93YN3_120,0
Q93YN3_124,0
Q93YN3_142,0
Q93YN3_152,0
Q93YN3_157,0
Q93YN3_189,0
Q93YN3_236,0
A0A0P0Y3Y4_6,0
A0A0P0Y3Y4_16,0
A0A0P0Y3Y4_17,0
A0A0P0Y3Y4_25,0
A0A0P0Y3Y4_48,0
A0A0P0Y3Y4_75,0
A0A0P0Y3Y4_86,0
A0A0P0Y3Y4_90,0
A0A0P0Y3Y4_115,0
A0A0P0Y3Y4_119,0
A0A0P0Y3Y4_121,0
A0A0P0Y3Y4_131,0
A0A0P0Y3Y4_149,0
A0A0P0Y3Y4_153,0
A0A0P0Y3Y4_164,0
A0A0P0Y3Y4_175,0
A0A0P0Y3Y4_187,0
A0A0P0Y3Y4_199,0
A0A0P0Y3Y4_200,0
A0A0P0Y3Y4_216,0
A0A0P0Y3Y4_229,0
A0A0P0Y3Y4_248,0
B9GCT1_17,0
B9GCT1_24,0
B9GCT1_46,0
B9GCT1_48,0
B9GCT1_65,0
B9GCT1_72,0
B9GCT1_74,0
B9GCT1_79,0
B9GCT1_81,0
B9GCT1_86,0
B9GCT1_91,0
A0A4S4F388_4,0
A0A4S4F388_30,0
A0A4S4F388_36,0
A0A4S4F388_114,0
A0A4S4F388_119,0
A0A4S4F388_129,0
A0A4S4F388_133,0
A0A4S4F388_159,0
A0A4S4F388_178,0
Q9FTY4_124,0
Q9FTY4_138,0
Q9FTY4_155,0
Q9FTY4_158,0
Q9FTY4_164,0
Q9FTY4_177,0
Q9FTY4_184,0
Q9FTY4_239,0
Q9FTY4_264,0
B9G7K1_8,0
B9G7K1_35,0
B9G7K1_85,0
B9G7K1_112,0
B9G7K1_145,0
B9G7K1_148,0
A0A5S6RDK0_24,0
A0A5S6RDK0_192,0
Q9FIJ2_9,0
Q9FIJ2_12,0
Q9FIJ2_34,0
Q9FIJ2_37,0
Q9FIJ2_40,0
Q9FIJ2_45,0
Q9FIJ2_84,0
Q9FIJ2_91,0
Q9FIJ2_96,0
Q9S714_26,0
Q9S714_71,0
Q9S714_76,0
Q9S714_78,0
Q9S714_85,0
Q9S714_89,0
Q9S714_91,0
Q9S714_95,0
Q9S714_101,0
Q9S714_114,0
Q9S714_125,0
Q9S714_145,0
A0A0N7KJ52_38,0
A0A0N7KJ52_43,0
A0A0N7KJ52_66,0
A0A0N7KJ52_85,0
A0A0N7KJ52_106,0
A0A0N7KJ52_141,0
A0A0N7KJ52_143,0
A0A0N7KJ52_152,0
A0A0N7KJ52_161,0
A0A0N7KJ52_168,0
A0A0N7KJ52_182,0
A0A0N7KJ52_187,0
A0A0N7KJ52_202,0
A0A0N7KJ52_212,0
A0A0N7KJ52_223,0
A0A0N7KJ52_226,0
A0A0N7KJ52_240,0
A5HJ50_24,0
A5HJ50_32,0
A5HJ50_102,0
A5HJ50_108,0
A5HJ50_160,0
A5HJ50_164,0
A5HJ50_191,0
A5HJ50_198,0
A5HJ50_215,0
A5HJ50_219,0
A5HJ50_232,0
A5HJ50_236,0
A5HJ50_242,0
A0A4S4DDL7_57,0
A0A4S4DDL7_66,0
A0A4S4DDL7_73,0
A0A4S4DDL7_74,0
A0A4S4DDL7_78,0
A0A4S4DDL7_95,0
A0A4S4DDL7_100,0
A0A4S4DDL7_103,0
A0A4S4DDL7_113,0
A0A4S4DDL7_125,0
A0A4S4DDL7_130,0
A0A4S4DDL7_144,0
A0A4S4DDL7_146,0
A0A4S4DDL7_148,0
A0A4S4DDL7_149,0
A0A4S4DDL7_153,0
A0A4S4DDL7_156,0
B9EV61_63,0
B9EV61_137,0
B9EV61_151,0
B9EV61_153,0
B9EV61_191,0
B9EV61_211,0
B9EV61_240,0
B9EV61_256,0
B9EV61_270,0
B9EV61_301,0
B9EV61_305,0
B9EV61_326,0
B9EV61_357,0
B9EV61_364,0
A0A4S4DV30_35,0
A0A4S4DV30_44,0
A0A4S4DV30_49,0
A0A4S4DV30_54,0
A0A4S4DV30_61,0
A0A4S4DV30_63,0
A0A4S4DV30_72,0
A0A4S4DV30_99,0
A0A4S4DV30_113,0
A0A4S4DV30_121,0
A0A4S4DV30_136,0
A0A4S4DV30_166,0
A0A4S4DV30_170,0
A0A4S4DV30_173,0
A0A4S4DV30_178,0
A0A4S4DV30_190,0
A0A4S4DV30_211,0
A0A4S4DV30_213,0
A0A4S4DV30_225,0
A0A4S4DV30_245,0
A0A4S4DV30_249,0
A0A4S4DV30_261,0
A0A4S4DV30_268,0
A0A4S4DV30_284,0
A0A4S4DV30_290,0
A0A4S4DV30_295,0
A0A4S4DV30_296,0
Q9S7H1_22,0
Q9S7H1_23,0
Q9S7H1_34,0
Q9S7H1_40,0
Q9S7H1_47,0
Q9S7H1_61,0
Q9S7H1_91,0
Q9S7H1_106,0
Q9S7H1_128,0
Q9S7H1_132,0
Q9S7H1_145,0
Q9S7H1_147,0
Q9S7H1_167,0
Q9S7H1_174,0
Q9S7H1_191,0
Q9S7H1_199,0
Q9S7H1_203,0
Q9XIM0_3,0
Q9XIM0_20,0
Q9XIM0_45,0
Q9XIM0_53,0
Q9XIM0_66,0
Q9XIM0_94,0
Q9XIM0_100,0
Q9XIM0_102,0
Q9XIM0_116,0
Q9XIM0_130,0
Q9XIM0_133,0
Q9XIM0_135,0
Q9XIM0_148,0
Q9XIM0_162,0
Q9XIM0_172,0
Q9XIM0_174,0
Q9XIM0_187,0
Q9LKA1_3,0
Q9LKA1_53,0
Q9LKA1_65,0
Q9LKA1_69,0
Q9LKA1_97,0
Q9LKA1_136,0
Q9LKA1_153,0
Q9LKA1_174,0
Q9LKA1_175,0
Q9LKA1_178,0
Q9LKA1_224,0
Q851G9_24,0
Q851G9_103,0
Q851G9_273,0
Q851G9_291,0
Q851G9_335,0
Q851G9_339,0
Q851G9_346,0
Q851G9_425,0
Q851G9_437,0
Q851G9_482,0
Q851G9_500,0
Q851G9_502,0
O04331_16,0
O04331_77,0
O04331_88,0
O04331_122,0
O04331_133,0
O04331_164,0
O04331_191,0
O04331_202,0
O04331_207,0
O04331_235,0
Q653W2_30,0
Q653W2_68,0
Q653W2_79,0
Q653W2_91,0
Q653W2_114,0
Q653W2_121,0
Q653W2_136,0
Q653W2_150,0
Q653W2_157,0
Q653W2_163,0
Q653W2_185,0
Q653W2_233,0
Q653W2_242,0
A3C3L8_6,0
A3C3L8_17,0
A3C3L8_30,0
A3C3L8_37,0
A3C3L8_38,0
A3C3L8_56,0
A3C3L8_60,0
A3C3L8_68,0
A3C3L8_74,0
A3C3L8_97,0
A3C3L8_105,0
A3C3L8_112,0
A3C3L8_116,0
A3C3L8_159,0
A3C3L8_166,0
Q0JD54_43,0
Q0JD54_75,0
Q0JD54_109,0
Q0JD54_125,0
Q0JD54_148,0
Q0JD54_210,0
Q0JD54_280,0
Q0JD54_287,0
Q0JD54_300,0
Q0JD54_316,0
Q0JD54_340,0
Q0JD54_343,0
Q0JD54_345,0
Q0JD54_360,0
Q0JD54_363,0
Q0JD54_369,0
A0A4S4EEI5_65,0
A0A4S4EEI5_117,0
A0A4S4EEI5_121,0
A0A4S4EEI5_135,0
A0A4S4EEI5_138,0
A0A4S4EEI5_142,0
A0A4S4EEI5_181,0
A0A4S4EEI5_190,0
A0A4S4EEI5_196,0
A0A4S4EEI5_219,0
A0A4S4EEI5_224,0
A0A4S4EEI5_252,0
A0A4S4EEI5_280,0
A0A4S4EEI5_299,0
A0A0P0VQK9_29,0
A0A0P0VQK9_70,0
A0A0P0VQK9_81,0
A0A0P0VQK9_99,0
A0A0P0VQK9_118,0
A0A0P0VQK9_126,0
A0A0P0VQK9_137,0
A0A0P0VQK9_175,0
A0A0P0VQK9_199,0
A0A0P0VQK9_240,0
A0A4S4DBL0_13,0
A0A4S4DBL0_20,0
A0A4S4DBL0_23,0
A0A4S4DBL0_33,0
A0A4S4DBL0_92,0
A0A4S4DBL0_94,0
A0A4S4DBL0_99,0
A0A4S4DBL0_103,0
A0A4S4DBL0_110,0
A0A4S4DBL0_118,0
A0A4S4DBL0_123,0
A0A4S4DBL0_125,0
A0A4S4DBL0_133,0
A0A4S4DBL0_151,0
A0A4S4DBL0_161,0
A0A4S4DBL0_173,0
B7F890_3,0
B7F890_9,0
B7F890_11,0
B7F890_28,0
B7F890_35,0
B7F890_61,0
Q9FYQ0_28,0
Q9FYQ0_29,0
Q9FYQ0_43,0
Q9FYQ0_164,0
Q9FYQ0_227,0
B9F338_92,0
B9F338_97,0
B9F338_102,0
B9F338_111,0
B9F338_113,0
B9F338_122,0
B9F338_137,0
B9F338_160,0
Q6Z4H0_12,0
Q6Z4H0_43,0
Q6Z4H0_63,0
Q6Z4H0_71,0
Q6Z4H0_77,0
Q6Z4H0_90,0
Q6Z4H0_101,0
Q6Z4H0_107,0
Q6Z4H0_140,0
Q6Z4H0_154,0
Q6Z4H0_181,0
Q6Z4H0_221,0
Q6Z4H0_253,0
Q6Z4H0_260,0
A0A4S4E216_16,0
A0A4S4E216_19,0
A0A4S4E216_34,0
A0A4S4E216_37,0
A0A4S4E216_89,0
A0A4S4E216_120,0
A0A4S4E216_128,0
A0A4S4E216_206,0
A0A4S4E216_208,0
A0A4S4E216_211,0
A0A4S4E216_232,0
A0A4S4E216_261,0
Q94AX0_3,0
Q94AX0_10,0
Q94AX0_35,0
Q94AX0_44,0
Q94AX0_71,0
Q94AX0_85,0
Q94AX0_89,0
Q94AX0_103,0
Q94AX0_104,0
Q94AX0_120,0
Q94AX0_126,0
Q94AX0_145,0
Q94AX0_156,0
Q94AX0_160,0
Q8LM92_34,0
Q8LM92_60,0
Q8LM92_70,0
Q8LM92_138,0
Q8LM92_187,0
Q8LM92_219,0
Q8LM92_254,0
Q8LM92_255,0
Q8LM92_278,0
Q8LM92_287,0
Q8LM92_317,0
Q8LM92_350,0
Q8LM92_382,0
Q8LM92_412,0
Q8LM92_437,0
Q8LM92_453,0
Q8LM92_502,0
Q6K6N7_138,0
Q6K6N7_139,0
Q6K6N7_176,0
Q6K6N7_185,0
Q6K6N7_204,0
Q6K6N7_249,0
Q6K6N7_252,0
Q6K6N7_268,0
Q6K6N7_290,0
Q6K6N7_304,0
Q6K6N7_337,0
Q6K6N7_355,0
Q6K6N7_373,0
Q6K6N7_426,0
Q6K6N7_497,0
Q6K6N7_518,0
Q7XR79_4,0
Q7XR79_8,0
Q7XR79_11,0
Q7XR79_15,0
Q7XR79_63,0
Q7XR79_66,0
Q7XR79_72,0
Q7XR79_90,0
Q7XR79_101,0
Q7XR79_128,0
Q7XR79_133,0
Q7XR79_144,0
A3B0Y1_4,0
A3B0Y1_13,0
A3B0Y1_18,0
A3B0Y1_19,0
A3B0Y1_32,0
A3B0Y1_49,0
A3B0Y1_51,0
A3B0Y1_65,0
Q9T0A4_19,0
Q9T0A4_39,0
Q9T0A4_43,0
Q9T0A4_48,0
Q9T0A4_52,0
Q9T0A4_69,0
Q9T0A4_73,0
Q9T0A4_87,0
Q9T0A4_105,0
Q9T0A4_113,0
Q9T0A4_127,0
Q9T0A4_130,0
Q9T0A4_135,0
Q9T0A4_147,0
Q9T0A4_159,0
Q9T0A4_160,0
Q9T0A4_162,0
Q9T0A4_165,0
Q9T0A4_178,0
Q9T0A4_198,0
Q9T0A4_224,0
Q9T0A4_229,0
Q9T0A4_232,0
Q9T0A4_245,0
Q9SCS3_31,0
Q9SCS3_57,0
Q9SCS3_60,0
Q9SCS3_70,0
Q9SCS3_82,0
Q9SCS3_85,0
Q9SCS3_112,0
Q9SCS3_119,0
Q9SCS3_139,0
Q9SCS3_154,0
Q9SCS3_156,0
Q9SCS3_182,0
Q9SCS3_185,0
Q9SCS3_201,0
A0A4S4EFM1_8,0
A0A4S4EFM1_12,0
A0A4S4EFM1_22,0
A0A4S4EFM1_30,0
A0A4S4EFM1_46,0
A0A4S4EFM1_49,0
A0A4S4EFM1_58,0
A0A4S4EFM1_80,0
A0A4S4EFM1_106,0
A0A4S4EFM1_112,0
A0A4S4EFM1_135,0
A0A4S4EFM1_149,0
A0A4S4EFM1_179,0
A0A4S4EFM1_194,0
Q337B3_62,0
Q337B3_83,0
Q337B3_97,0
Q337B3_112,0
Q337B3_119,0
Q337B3_141,0
Q8VXX3_4,0
Q8VXX3_9,0
Q8VXX3_19,0
Q8VXX3_43,0
Q8VXX3_48,0
Q8VXX3_52,0
Q8VXX3_59,0
Q8VXX3_74,0
Q8VXX3_93,0
Q8VXX3_96,0
Q8VXX3_120,0
A0A0P0WD44_69,0
A0A0P0WD44_98,0
A0A0P0WD44_102,0
A0A0P0WD44_113,0
A0A0P0WD44_124,0
A0A0P0WD44_129,0
A0A0P0WD44_151,0
Q9SI61_16,0
Q9SI61_32,0
Q9SI61_36,0
Q9SI61_86,0
Q9SI61_130,0
Q9SI61_149,0
Q9SI61_173,0
Q9SI61_199,0
Q9SI61_229,0
Q9SI61_243,0
Q9SI61_257,0
Q9SI61_310,0
Q9SI61_314,0
Q9SI61_321,0
Q9SI61_325,0
Q9SI61_385,0
Q9SI61_410,0
Q9SI61_417,0
Q9SI61_419,0
Q9SI61_430,0
Q9SI61_447,0
Q9SI61_458,0
Q9SI61_513,0
Q9SI61_514,0
Q9SI61_518,0
Q9SI61_521,0
Q9SI61_535,0
Q9SI61_540,0
Q9SI61_542,0
Q6ESY3_5,0
Q6ESY3_6,0
Q6ESY3_14,0
Q6ESY3_15,0
Q6ESY3_29,0
Q6ESY3_31,0
Q6ESY3_32,0
Q6ESY3_35,0
Q6ESY3_52,0
Q6ESY3_53,0
Q6ESY3_56,0
Q6ESY3_57,0
Q2QLM1_10,0
Q2QLM1_14,0
Q2QLM1_22,0
Q2QLM1_36,0
Q2QLM1_130,0
Q2QLM1_150,0
Q2QLM1_160,0
A0A0P0W9X7_71,0
A0A0P0W9X7_94,0
A0A0P0W9X7_97,0
A0A0P0W9X7_155,0
A0A0P0W9X7_248,0
A0A0P0W9X7_304,0
A0A0P0W9X7_308,0
A0A0P0W9X7_393,0
A0A0P0W9X7_397,0
A0A0P0W9X7_423,0
A0A0P0W9X7_439,0
A0A0P0W9X7_540,0
A0A0P0W9X7_542,0
Q9LT17_23,0
Q9LT17_273,0
Q9LT17_276,0
Q9LT17_307,0
Q9LT17_320,0
Q9LT17_323,0
Q6YW54_5,0
Q6YW54_25,0
Q6YW54_27,0
Q6YW54_43,0
Q6YW54_44,0
Q6YW54_109,0
Q6YW54_113,0
Q6YW54_116,0
Q6YW54_129,0
Q6YW54_150,0
Q6YW54_166,0
Q6YW54_168,0
Q6YW54_179,0
Q6YW54_277,0
Q6YW54_278,0
Q6K7W5_4,0
Q6K7W5_6,0
Q6K7W5_11,0
Q6K7W5_29,0
Q6K7W5_193,0
Q6K7W5_229,0
Q6K7W5_242,0
Q6K7W5_250,0
Q6K7W5_269,0
Q6K7W5_339,0
Q6K7W5_343,0
Q6K7W5_407,0
Q6K7W5_411,0
Q6K7W5_466,0
Q6K7W5_468,0
Q8S0S6_53,0
Q8S0S6_66,0
Q8S0S6_82,0
Q8S0S6_96,0
Q8S0S6_144,0
Q8S0S6_255,0
Q8S0S6_258,0
Q8S0S6_267,0
Q8S0S6_300,0
Q8S0S6_308,0
Q8S0S6_309,0
Q8S0S6_313,0
Q8S0S6_326,0
Q8S0S6_327,0
A3B9Z7_3,0
A3B9Z7_11,0
A3B9Z7_24,0
A3B9Z7_31,0
A3B9Z7_66,0
A3B9Z7_102,0
A3B9Z7_128,0
A3B9Z7_132,0
A3B9Z7_141,0
A3B9Z7_145,0
A3B9Z7_160,0
A3B9Z7_163,0
A3B9Z7_199,0
A3B9Z7_214,0
A3B9Z7_250,0
Q9LIF6_11,0
Q9LIF6_13,0
Q9LIF6_39,0
Q9LIF6_53,0
Q9LIF6_69,0
Q9LIF6_82,0
Q9LIF6_84,0
Q9LIF6_88,0
Q9LIF6_101,0
Q9LIF6_106,0
Q9LIF6_142,0
Q9LIF6_158,0
Q9LIF6_168,0
Q9LIF6_182,0
Q9LIF6_184,0
Q9LIF6_185,0
F4IEY4_5,0
F4IEY4_7,0
F4IEY4_22,0
F4IEY4_27,0
F4IEY4_29,0
F4IEY4_50,0
F4IEY4_52,0
F4IEY4_68,0
F4IEY4_73,0
F4IEY4_75,0
F4IEY4_118,0
F4IEY4_175,0
F4IEY4_178,0
F4IEY4_183,0
F4IEY4_190,0
F4IEY4_198,0
F4IEY4_203,0
F4IEY4_205,0
F4IEY4_210,0
F4IEY4_236,0
F4IEY4_243,0
F4IEY4_248,0
F4IEY4_256,0
F4IEY4_259,0
F4IEY4_266,0
Q8H583_44,0
Q8H583_47,0
Q8H583_51,0
Q8H583_59,0
Q8H583_67,0
Q8H583_80,0
Q8H583_81,0
Q8H583_84,0
Q8H583_99,0
Q8H583_108,0
Q8H583_109,0
Q8H583_130,0
Q8H583_137,0
Q8H583_143,0
Q8H583_144,0
Q10PQ9_45,0
Q10PQ9_82,0
Q10PQ9_215,0
Q10PQ9_230,0
Q10PQ9_291,0
Q10PQ9_314,0
Q10PQ9_345,0
Q10PQ9_348,0
Q10PQ9_388,0
Q10PQ9_401,0
Q10PQ9_412,0
Q10PQ9_450,0
Q6ERT7_7,0
Q6ERT7_58,0
Q6ERT7_78,0
Q6ERT7_86,0
Q6ERT7_87,0
Q6ERT7_163,0
Q6ERT7_176,0
Q6ERT7_188,0
Q6ERT7_192,0
A0A0P0XH69_44,0
A0A0P0XH69_51,0
A0A0P0XH69_53,0
A0A0P0XH69_76,0
A0A0P0XH69_153,0
A0A0P0XH69_154,0
A0A0P0XH69_173,0
A0A0P0XH69_179,0
A0A0P0XH69_184,0
A0A0P0XH69_190,0
A0A0P0XH69_228,0
A0A0P0XH69_273,0
Q10EQ8_3,0
Q10EQ8_108,0
Q10EQ8_202,0
A0A0P0WXN8_3,0
A0A0P0WXN8_39,0
A0A0P0WXN8_108,0
A0A0P0WXN8_157,0
A0A0P0WXN8_163,0
A0A0P0WXN8_230,0
A0A0P0WXN8_247,0
A0A0P0WXN8_276,0
A0A0P0WXN8_283,0
A0A0P0WXN8_286,0
A0A0P0WXN8_287,0
A0A0P0WXN8_478,0
A0A0P0WXN8_484,0
A0A0P0WXN8_486,0
A0A0N7KKE0_58,0
A0A0N7KKE0_125,0
A0A0N7KKE0_149,0
A0A0N7KKE0_159,0
A0A0N7KKE0_174,0
A0A0N7KKE0_176,0
A0A0N7KKE0_213,0
A0A0N7KKE0_228,0
A0A0N7KKE0_294,0
A0A0N7KKE0_310,0
A0A0N7KKE0_334,0
A0A0N7KKE0_337,0
A0A0N7KKE0_346,0
P92532_15,0
P92532_26,0
P92532_30,0
P92532_43,0
P92532_44,0
P92532_51,0
P92532_54,0
P92532_88,0
P92532_94,0
P92532_102,0
P92532_116,0
P92532_121,0
P92532_123,0
Q688J4_26,0
Q688J4_28,0
Q688J4_30,0
Q688J4_98,0
Q688J4_107,0
Q688J4_132,0
Q688J4_148,0
Q688J4_154,0
Q688J4_159,0
Q688J4_168,0
Q688J4_207,0
Q688J4_216,0
Q688J4_262,0
Q688J4_263,0
Q688J4_278,0
Q688J4_357,0
Q688J4_369,0
A0A178W9K6_4,0
A0A178W9K6_8,0
A0A178W9K6_11,0
A0A178W9K6_16,0
A0A178W9K6_24,0
A0A178W9K6_27,0
A0A178W9K6_34,0
A0A178W9K6_35,0
A0A178W9K6_43,0
A0A178W9K6_48,0
Q0ILN5_51,0
Q0ILN5_66,0
Q0ILN5_73,0
Q0ILN5_82,0
Q0ILN5_90,0
Q0ILN5_217,0
Q67U44_66,0
Q67U44_67,0
Q67U44_68,0
Q67U44_69,0
Q67U44_70,0
Q67U44_81,0
A3AFL8_30,0
A3AFL8_41,0
A3AFL8_105,0
A3AFL8_115,0
A3AFL8_122,0
A3AFL8_133,0
A3AFL8_141,0
A3AFL8_167,0
A3AFL8_169,0
A3AFL8_194,0
A3AFL8_195,0
Q7X674_52,0
Q7X674_125,0
Q7X674_136,0
Q7X674_158,0
Q7X674_164,0
Q7X674_200,0
Q7X674_212,0
Q9ZQD8_64,0
Q9ZQD8_65,0
Q9ZQD8_85,0
Q9ZQD8_99,0
Q9ZQD8_128,0
Q9ZQD8_146,0
Q9ZQD8_171,0
Q9ZQD8_181,0
Q9ZQD8_197,0
Q9ZQD8_198,0
Q9ZQD8_200,0
Q9ZQD8_202,0
Q9ZQD8_219,0
Q9ZQD8_230,0
Q9ZQD8_231,0
Q9ZQD8_280,0
Q9ZQD8_282,0
Q9ZQD8_288,0
Q6K4N0_36,0
Q6K4N0_48,0
Q6K4N0_61,0
Q6K4N0_87,0
Q6K4N0_114,0
Q6K4N0_130,0
A0A4S4DPZ5_209,0
A0A4S4DPZ5_219,0
A0A4S4DPZ5_236,0
A0A4S4DPZ5_246,0
A0A4S4DPZ5_251,0
A3CHT8_2,0
A3CHT8_56,0
A3CHT8_74,0
A3CHT8_171,0
A3CHT8_176,0
A3CHT8_258,0
A3CHT8_403,0
Q8H5N9_3,0
Q8H5N9_19,0
Q8H5N9_66,0
Q8H5N9_124,0
Q8H5N9_149,0
Q8H5N9_172,0
Q8H5N9_197,0
Q8H5N9_248,0
Q8H5N9_281,0
Q9XI29_31,0
Q9XI29_38,0
Q9XI29_48,0
Q9XI29_58,0
Q9XI29_63,0
Q9XI29_65,0
Q9XI29_70,0
Q9XI29_121,0
Q9XI29_126,0
Q9XI29_127,0
Q9XI29_132,0
Q9XI29_136,0
Q9XI29_146,0
Q9XI29_147,0
C7J0Z6_68,0
C7J0Z6_88,0
C7J0Z6_108,0
C7J0Z6_110,0
C7J0Z6_115,0
C7J0Z6_121,0
C7J0Z6_127,0
C7J0Z6_130,0
C7J0Z6_145,0
C7J0Z6_147,0
C7J0Z6_212,0
C7J0Z6_335,0
Q94AF7_23,0
Q94AF7_25,0
Q94AF7_34,0
Q94AF7_39,0
Q94AF7_59,0
Q94AF7_70,0
Q94AF7_80,0
Q94AF7_82,0
Q94AF7_95,0
Q94AF7_100,0
A0A4S4D767_5,0
A0A4S4D767_8,0
A0A4S4D767_67,0
A0A4S4D767_147,0
A0A4S4D767_156,0
A0A4S4D767_167,0
A0A4S4D767_196,0
A0A4S4D767_207,0
Q6K8U8_3,0
Q6K8U8_22,0
Q6K8U8_25,0
Q6K8U8_43,0
Q6K8U8_52,0
Q6K8U8_59,0
Q6K8U8_61,0
Q6K8U8_63,0
Q6K8U8_75,0
Q6K8U8_89,0
Q6K8U8_91,0
Q6K8U8_102,0
Q0INL5_131,0
Q0INL5_170,0
A3BW76_3,0
A3BW76_17,0
A3BW76_77,0
A3BW76_89,0
A3BW76_105,0
A3BW76_121,0
A3BN30_5,0
A3BN30_18,0
A3BN30_39,0
A3BN30_44,0
A3BN30_53,0
A3BN30_58,0
A3BN30_88,0
A3BN30_109,0
A3BN30_114,0
A3BN30_118,0
A3BN30_122,0
A3BN30_134,0
A3BN30_135,0
A3BN30_136,0
A3BN30_165,0
A3BN30_194,0
A3BN30_236,0
A3BN30_237,0
A3BN30_239,0
A3BN30_273,0
A3BN30_305,0
A3BN30_326,0
A3BN30_338,0
A0A0P0VHE6_12,0
A0A0P0VHE6_22,0
A0A0P0VHE6_30,0
A0A0P0VHE6_32,0
A0A0P0VHE6_33,0
A0A0P0VHE6_76,0
A0A0P0VHE6_82,0
A0A0P0VHE6_83,0
A0A0P0VHE6_92,0
A0A0P0VHE6_127,0
A0A0P0VHE6_167,0
A0A0P0VHE6_171,0
A0A0P0VHE6_178,0
A0A0P0VHE6_193,0
A0A0P0VHE6_197,0
A0A0P0VHE6_204,0
A0A0P0VHE6_206,0
A0A0P0VHE6_207,0
P15455_51,0
P15455_82,0
P15455_94,0
P15455_100,0
P15455_107,0
P15455_141,0
P15455_213,0
P15455_229,0
P15455_307,0
P15455_394,0
P15455_407,0
P15455_447,0
A0A4S4F328_7,0
A0A4S4F328_9,0
A0A4S4F328_20,0
A0A4S4F328_33,0
A0A4S4F328_38,0
A0A4S4F328_43,0
A0A4S4F328_53,0
A0A4S4F328_54,0
A0A4S4F328_77,0
A0A4S4F328_86,0
A0A4S4F328_114,0
A0A4S4F328_168,0
A0A4S4F328_182,0
Q8L3R7_51,0
Q8L3R7_52,0
Q8L3R7_62,0
Q8L3R7_99,0
Q8L3R7_117,0
Q8L3R7_158,0
Q8L3R7_161,0
Q8L3R7_165,0
Q8L3R7_196,0
Q8L3R7_200,0
Q8L3R7_300,0
Q8L3R7_304,0
Q8L3R7_308,0
Q8L3R7_310,0
Q8L3R7_312,0
Q8L3R7_319,0
Q8L3R7_325,0
Q8L3R7_326,0
Q8L3R7_338,0
Q0JBQ9_15,0
Q0JBQ9_53,0
Q0JBQ9_106,0
Q0JBQ9_120,0
Q0JBQ9_152,0
Q0JBQ9_167,0
Q0JBQ9_172,0
Q0JBQ9_196,0
Q0JBQ9_207,0
Q0JBQ9_226,0
Q0JBQ9_228,0
Q0JBQ9_232,0
Q0JBQ9_258,0
Q0JBQ9_267,0
Q0JBQ9_274,0
Q0JBQ9_275,0
Q0JBQ9_277,0
Q0JBQ9_304,0
Q0JBQ9_322,0
Q0JBQ9_346,0
Q0JBQ9_356,0
Q0JBQ9_357,0
Q9C7C4_21,0
Q9C7C4_31,0
Q9C7C4_40,0
Q9C7C4_58,0
Q9C7C4_98,0
Q9C7C4_99,0
Q9C7C4_101,0
Q9C7C4_140,0
Q9C7C4_144,0
Q9C7C4_185,0
Q9C7C4_267,0
Q9C7C4_285,0
Q9C7C4_287,0
Q9C7C4_288,0
Q9C7C4_291,0
A0A0P0VSJ0_99,0
A0A0P0VSJ0_172,0
A0A0P0VSJ0_212,0
A0A0P0VSJ0_238,0
A0A0P0VSJ0_263,0
A0A0P0VSJ0_281,0
A0A0P0VSJ0_311,0
A0A0P0VSJ0_318,0
A0A0P0VSJ0_339,0
A0A0P0VSJ0_360,0
A0A0P0VSJ0_411,0
A0A0P0VSJ0_422,0
Q0JNW9_40,0
Q0JNW9_47,0
Q0JNW9_65,0
Q0JNW9_72,0
Q0JNW9_82,0
Q0JNW9_88,0
Q0JNW9_152,0
Q0JNW9_222,0
Q0JNW9_229,0
Q0JNW9_265,0
Q0JNW9_279,0
A0A5S9WT08_20,0
A0A5S9WT08_39,0
A0A5S9WT08_53,0
A0A5S9WT08_97,0
A0A5S9WT08_119,0
A0A5S9WT08_122,0
A0A5S9WT08_140,0
A0A5S9WT08_148,0
A0A5S9WT08_158,0
A0A5S9WT08_170,0
A0A5S9WT08_181,0
A0A5S9WT08_182,0
A0A5S9WT08_185,0
A0A5S9WT08_194,0
A0A5S9WT08_198,0
A0A5S9WT08_199,0
A0A5S9WT08_201,0
Q9XJ36_21,0
Q9XJ36_27,0
Q9XJ36_43,0
Q9XJ36_51,0
Q9XJ36_59,0
Q9XJ36_66,0
Q9XJ36_152,0
Q9XJ36_155,0
Q9XJ36_179,0
Q9XJ36_211,0
Q9XJ36_226,0
Q9XJ36_237,0
Q9XJ36_243,0
Q9XJ36_258,0
Q9XJ36_266,0
B9F3D3_4,0
B9F3D3_27,0
B9F3D3_42,0
B9F3D3_57,0
B9F3D3_69,0
B9F3D3_78,0
B9F3D3_83,0
B9F3D3_85,0
B9F3D3_91,0
Q9LIY2_10,0
Q9LIY2_15,0
Q9LIY2_36,0
Q9LIY2_63,0
Q9LIY2_92,0
Q9LIY2_101,0
Q5Z6G3_12,0
Q5Z6G3_25,0
Q5Z6G3_67,0
Q5Z6G3_93,0
Q5Z6G3_112,0
Q5Z6G3_127,0
Q5Z6G3_225,0
Q5Z6G3_250,0
Q5Z6G3_270,0
Q5Z6G3_271,0
Q5Z6G3_331,0
Q5Z6G3_336,0
Q5Z6G3_344,0
Q5Z6G3_347,0
Q5Z6G3_359,0
Q5Z6G3_374,0
Q5Z6G3_395,0
Q5N7Z9_10,0
Q5N7Z9_21,0
Q5N7Z9_31,0
Q5N7Z9_32,0
Q5N7Z9_38,0
Q5N7Z9_48,0
Q5N7Z9_94,0
Q5N7Z9_126,0
Q5N7Z9_140,0
Q5N7Z9_141,0
Q5N7Z9_143,0
Q5N7Z9_149,0
Q5N7Z9_160,0
Q5N7Z9_178,0
A0A5S6RD21_4,0
A0A5S6RD21_46,0
A0A5S6RD21_81,0
A0A5S6RD21_89,0
A0A5S6RD21_127,0
A0A5S6RD21_128,0
A0A5S6RD21_133,0
A0A5S6RD21_136,0
A0A5S6RD21_162,0
A0A0P0XBV2_11,0
A0A0P0XBV2_39,0
A0A0P0XBV2_40,0
A0A0P0XBV2_44,0
A0A0P0XBV2_52,0
A0A0P0XBV2_64,0
A0A0P0VTN6_3,0
A0A0P0VTN6_27,0
A0A0P0VTN6_39,0
A0A0P0VTN6_54,0
A0A0P0VTN6_115,0
A0A0P0VTN6_151,0
A0A0P0VTN6_153,0
A0A0P0VTN6_170,0
A0A0P0VTN6_175,0
Q0D9V6_36,0
Q0D9V6_46,0
Q0D9V6_49,0
Q0D9V6_50,0
Q0D9V6_53,0
Q0D9V6_54,0
Q0D9V6_111,0
Q0D9V6_152,0
Q0D9V6_188,0
Q0D9V6_216,0
Q0D9V6_217,0
Q0D9V6_239,0
Q0D9V6_290,0
Q0D9V6_291,0
Q0D9V6_305,0
Q0D9V6_335,0
Q0DYI7_9,0
Q0DYI7_25,0
Q0DYI7_40,0
Q0DYI7_46,0
Q0DYI7_48,0
Q0DYI7_97,0
Q0DYI7_121,0
Q0DYI7_206,0
Q0DYI7_287,0
Q0DYI7_303,0
Q0DYI7_310,0
Q0DYI7_331,0
Q0DYI7_343,0
Q0DYI7_354,0
Q0DYI7_464,0
Q0DYI7_511,0
Q0DYI7_538,0
Q0DYI7_560,0
A0A0P0UWU9_26,0
A0A0P0UWU9_169,0
A0A0P0UWU9_173,0
A0A0P0UWU9_297,0
A0A0P0UWU9_301,0
A0A0P0UWU9_314,0
A0A0P0UWU9_322,0
A0A0P0UWU9_334,0
A0A0P0UWU9_361,0
A0A0P0UWU9_568,0
A0A0P0UWU9_592,0
A0A0P0UWU9_595,0
A0A0P0UWU9_599,0
A0A4S4D6Z0_4,0
A0A4S4D6Z0_8,0
A0A4S4D6Z0_34,0
A0A4S4D6Z0_54,0
A0A4S4D6Z0_56,0
A0A4S4D6Z0_68,0
A0A4S4D6Z0_100,0
A0A4S4D6Z0_101,0
A0A4S4D6Z0_104,0
A0A4S4D6Z0_108,0
Q8W108_6,0
Q8W108_31,0
Q8W108_34,0
Q8W108_41,0
Q8W108_64,0
Q8W108_65,0
Q8W108_84,0
Q8W108_91,0
Q8W108_93,0
Q8W108_131,0
Q8W108_132,0
Q8W108_155,0
Q8W108_180,0
Q8W108_188,0
Q336W1_41,0
Q336W1_56,0
Q336W1_75,0
Q336W1_80,0
Q9SL57_38,0
Q9SL57_42,0
Q9SL57_47,0
Q9SL57_62,0
Q9SL57_81,0
Q9SL57_94,0
Q9SL57_95,0
Q9SL57_116,0
Q9SL57_118,0
Q9SL57_122,0
Q9SL57_123,0
Q9SL57_147,0
Q9SL57_171,0
Q9SL57_173,0
Q9SL57_182,0
Q9SL57_201,0
Q9SL57_215,0
Q9SL57_238,0
Q0J3E1_38,0
Q0J3E1_43,0
Q0J3E1_58,0
Q0J3E1_108,0
Q0J3E1_130,0
Q0J3E1_151,0
Q0J3E1_165,0
Q0J3E1_175,0
Q0J3E1_219,0
Q0J3E1_226,0
Q0J3E1_276,0
Q0J3E1_288,0
Q0J3E1_296,0
Q0J3E1_329,0
A0A4S4E1V6_40,0
A0A4S4E1V6_49,0
A0A4S4E1V6_50,0
A0A4S4E1V6_54,0
A0A4S4E1V6_64,0
A0A4S4E1V6_67,0
A0A4S4E1V6_118,0
A0A4S4E1V6_141,0
A0A4S4E1V6_160,0
A0A4S4E1V6_176,0
A0A4S4E1V6_180,0
A0A4S4E1V6_194,0
A0A4S4E1V6_198,0
A0A4S4E1V6_209,0
A0A4S4E1V6_221,0
A0A4S4E1V6_223,0
A0A4S4E1V6_234,0
Q6ATZ5_109,0
Q6ATZ5_116,0
Q6ATZ5_138,0
Q6ATZ5_146,0
Q6ATZ5_192,0
Q6ATZ5_198,0
Q6ATZ5_215,0
Q6ATZ5_240,0
Q6ATZ5_242,0
Q6ATZ5_255,0
Q6ATZ5_274,0
Q6ATZ5_423,0
Q6ATZ5_429,0
Q6ATZ5_456,0
Q6ATZ5_475,0
Q0E0D3_6,0
Q0E0D3_90,0
Q0E0D3_95,0
Q0E0D3_96,0
Q0E0D3_111,0
Q0E0D3_114,0
Q0E0D3_132,0
Q0E0D3_148,0
Q0E0D3_149,0
Q0E0D3_175,0
Q0E0D3_187,0
Q337L5_35,0
Q337L5_40,0
Q337L5_70,0
Q337L5_134,0
Q337L5_137,0
Q337L5_150,0
Q337L5_174,0
Q337L5_196,0
Q337L5_255,0
Q337L5_275,0
Q337L5_297,0
Q337L5_298,0
Q337L5_299,0
Q337L5_310,0
Q337L5_314,0
Q337L5_318,0
Q337L5_337,0
Q337L5_341,0
Q337L5_365,0
Q337L5_459,0
Q337L5_488,0
Q337L5_501,0
Q337L5_601,0
Q9M1X8_13,0
Q9M1X8_15,0
Q9M1X8_91,0
Q9M1X8_92,0
Q9M1X8_97,0
Q9M1X8_103,0
Q9M1X8_112,0
Q9M1X8_118,0
Q9M1X8_149,0
Q9M1X8_168,0
Q9M1X8_176,0
Q9M1X8_226,0
Q9M1X8_229,0
Q9M1X8_230,0
Q9M1X8_231,0
Q9M1X8_241,0
Q9M1X8_251,0
Q9M1X8_265,0
O80448_19,0
O80448_21,0
O80448_27,0
O80448_85,0
O80448_88,0
O80448_98,0
O80448_135,0
O80448_139,0
O80448_166,0
O80448_204,0
O80448_205,0
O80448_217,0
O80448_257,0
O80448_263,0
O80448_266,0
O80448_300,0
Q9FH77_43,0
Q9FH77_65,0
Q9FH77_76,0
Q9FH77_77,0
Q9FH77_87,0
Q9FH77_100,0
Q9FH77_162,0
Q9FH77_215,0
Q9FH77_228,0
Q9FH77_313,0
Q9FH77_324,0
Q9FH77_359,0
Q9FH77_439,0
Q9FH77_441,0
Q9FH77_442,0
Q9FH77_473,0
Q9FH77_478,0
A0A0P0VNB9_9,0
A0A0P0VNB9_50,0
A0A0P0VNB9_55,0
A0A0P0VNB9_93,0
A0A0P0VNB9_114,0
A0A0P0VNB9_127,0
A0A0P0VNB9_137,0
A0A0P0VNB9_157,0
A0A0P0VNB9_164,0
Q8S5I8_150,0
Q8S5I8_239,0
Q8S5I8_263,0
Q8S5I8_277,0
Q8S5I8_327,0
Q8S5I8_333,0
Q8S5I8_343,0
Q8S5I8_352,0
Q6YZ10_53,0
Q6YZ10_62,0
Q6YZ10_69,0
Q6YZ10_71,0
Q6YZ10_75,0
Q6YZ10_81,0
Q6YZ10_88,0
Q6YZ10_111,0
Q6YZ10_121,0
Q6YZ10_126,0
Q6YZ10_128,0
Q6YZ10_130,0
Q6YZ10_132,0
Q6YZ10_137,0
Q6YZ10_139,0
Q6YZ10_153,0
Q6YZ10_178,0
Q6YZ10_180,0
Q6YZ10_194,0
Q6YZ10_195,0
Q6YZ10_215,0
Q945X2_6,0
Q945X2_39,0
Q945X2_48,0
Q945X2_49,0
Q945X2_97,0
Q945X2_136,0
Q945X2_140,0
Q945X2_155,0
Q945X2_159,0
Q945X2_198,0
Q945X2_207,0
Q945X2_208,0
Q945X2_223,0
Q945X2_225,0
Q945X2_231,0
Q945X2_238,0
Q945X2_241,0
Q945X2_245,0
Q93WY5_5,0
Q93WY5_8,0
Q93WY5_28,0
Q93WY5_42,0
Q93WY5_54,0
Q93WY5_55,0
Q93WY5_64,0
Q93WY5_81,0
Q93WY5_107,0
Q93WY5_125,0
Q93WY5_135,0
Q93WY5_144,0
Q93WY5_145,0
Q93WY5_187,0
Q93WY5_200,0
Q93WY5_208,0
Q93WY5_214,0
Q6L4C6_31,0
Q6L4C6_38,0
Q6L4C6_44,0
Q6L4C6_51,0
Q6L4C6_59,0
Q6L4C6_141,0
Q6L4C6_162,0
Q6L4C6_192,0
Q6L4C6_199,0
Q6L4C6_207,0
Q6L4C6_223,0
Q6L4C6_231,0
Q6L4C6_234,0
Q6L4C6_282,0
Q6L4C6_319,0
Q6L4C6_336,0
O80774_27,0
O80774_33,0
O80774_100,0
O80774_120,0
O80774_174,0
O80774_197,0
O80774_226,0
O80774_229,0
O80774_273,0
O80774_285,0
O80774_314,0
O80774_328,0
O80774_378,0
O80774_393,0
O80774_396,0
O80774_412,0
O80774_464,0
O80774_466,0
A0A0N7KGZ5_9,0
A0A0N7KGZ5_73,0
A0A0N7KGZ5_76,0
A0A0N7KGZ5_125,0
A0A0N7KGZ5_224,0
A0A0N7KGZ5_232,0
A0A0N7KGZ5_243,0
A0A0N7KGZ5_268,0
A0A0N7KGZ5_366,0
A0A0N7KGZ5_421,0
Q75GI3_60,0
Q75GI3_96,0
Q75GI3_112,0
Q75GI3_124,0
Q75GI3_163,0
Q75GI3_164,0
Q75GI3_166,0
Q75GI3_280,0
Q75GI3_304,0
Q75GI3_311,0
Q75GI3_326,0
Q75GI3_336,0
Q75GI3_338,0
Q75GI3_352,0
Q75GI3_370,0
Q75GI3_394,0
Q75GI3_401,0
Q75GI3_430,0
A0A0P0XVG4_125,0
A0A0P0XVG4_184,0
A0A0P0XVG4_185,0
Q8LQJ5_11,0
Q8LQJ5_60,0
Q8LQJ5_146,0
Q8LQJ5_184,0
Q8LQJ5_206,0
Q8LQJ5_217,0
Q8LQJ5_226,0
Q8LQJ5_228,0
Q8LQJ5_245,0
Q8LQJ5_267,0
Q8LQJ5_279,0
Q8LQJ5_281,0
Q8LQJ5_285,0
A0A0P0V9Y7_2,0
A0A0P0V9Y7_6,0
A0A0P0V9Y7_22,0
A0A0P0V9Y7_25,0
A0A0P0V9Y7_138,0
A0A0P0V9Y7_181,0
A0A0P0V9Y7_186,0
G4VV63_3,0
G4VV63_9,0
G4VV63_62,0
G4VV63_106,0
G4VV63_111,0
G4VV63_133,0
G4VV63_135,0
G4VV63_166,0
G4VV63_169,0
G4VV63_197,0
G4VV63_218,0
G4VV63_259,0
G4VV63_321,0
G4VV63_356,0
Q10LI1_19,0
Q10LI1_47,0
Q10LI1_91,0
Q10LI1_115,0
Q10LI1_123,0
Q10LI1_135,0
Q10LI1_144,0
Q10LI1_180,0
Q10LI1_183,0
Q10LI1_198,0
Q10LI1_219,0
Q10LI1_241,0
F4JUX3_8,0
F4JUX3_72,0
F4JUX3_99,0
F4JUX3_120,0
F4JUX3_133,0
F4JUX3_139,0
F4JUX3_171,0
F4JUX3_177,0
F4JUX3_181,0
F4JUX3_198,0
F4JUX3_212,0
F4JUX3_221,0
F4JUX3_237,0
F4JUX3_259,0
Q8VZT0_75,0
Q8VZT0_80,0
Q8VZT0_93,0
Q8VZT0_98,0
Q8VZT0_114,0
Q8VZT0_129,0
Q8VZT0_136,0
Q8VZT0_148,0
A3APY2_34,0
A3APY2_54,0
A3APY2_65,0
A3APY2_66,0
A3APY2_77,0
A3APY2_81,0
A3APY2_82,0
A3APY2_130,0
A3APY2_133,0
A3APY2_184,0
A3APY2_188,0
A3APY2_195,0
A3APY2_200,0
A3APY2_204,0
A3APY2_236,0
A3APY2_241,0
A3APY2_244,0
A3APY2_255,0
A3APY2_278,0
A3APY2_286,0
A3APY2_291,0
A3APY2_295,0
A3APY2_300,0
A3APY2_303,0
A3APY2_323,0
A3APY2_343,0
A3APY2_356,0
A3APY2_372,0
A3APY2_398,0
A3APY2_431,0
A3APY2_432,0
A3APY2_434,0
A3APY2_440,0
Q9M042_18,0
Q9M042_22,0
Q9M042_31,0
Q9M042_32,0
Q9M042_48,0
Q9M042_82,0
Q9M042_106,0
Q9M042_125,0
Q9M042_132,0
Q9M042_134,0
Q9M042_141,0
O80501_9,0
O80501_11,0
O80501_22,0
O80501_33,0
O80501_49,0
O80501_102,0
O80501_123,0
O80501_129,0
O80501_140,0
O80501_154,0
O80501_160,0
O80501_165,0
O80501_180,0
O80501_190,0
F4JM55_6,0
F4JM55_59,0
F4JM55_99,0
F4JM55_109,0
F4JM55_131,0
F4JM55_198,0
F4JM55_226,0
F4JM55_228,0
F4JM55_313,0
A0A0P0W5K3_4,0
Q9LYU5_17,0
Q9LYU5_31,0
Q9LYU5_58,0
Q9LYU5_62,0
Q9LYU5_82,0
Q9LYU5_85,0
Q9LYU5_92,0
Q9LYU5_127,0
Q9LYU5_157,0
Q9LYU5_165,0
Q9LYU5_177,0
Q9LYU5_191,0
Q9LYU5_195,0
Q9LYU5_197,0
Q9LYU5_209,0
Q9LYU5_222,0
Q9LYU5_223,0
Q9LYU5_235,0
Q9LYU5_242,0
Q9LYU5_288,0
Q9LYU5_297,0
Q9LYU5_305,0
Q9LYU5_307,0
Q9LYU5_320,0
Q9LYU5_355,0
Q9LYU5_362,0
Q8L7T9_3,0
Q8L7T9_20,0
Q8L7T9_22,0
Q8L7T9_28,0
Q8L7T9_31,0
Q8L7T9_83,0
Q8L7T9_97,0
Q8L7T9_131,0
Q8L7T9_135,0
Q8L7T9_141,0
Q8L7T9_207,0
Q8L7T9_219,0
Q8L7T9_256,0
Q8L7T9_265,0
Q0DDX1_56,0
Q0DDX1_102,0
Q0DDX1_126,0
Q0DDX1_132,0
Q0DDX1_231,0
Q0DDX1_288,0
Q0DDX1_314,0
Q0DDX1_317,0
B9FC36_8,0
B9FC36_19,0
B9FC36_25,0
B9FC36_69,0
B9FC36_89,0
B9FC36_117,0
B9FC36_123,0
B9FC36_164,0
B9FC36_171,0
B9FC36_181,0
B9FC36_198,0
B9FC36_205,0
B9FC36_240,0
B9FC36_252,0
B9FC36_332,0
Q6ZJR2_169,0
Q6ZJR2_188,0
Q6ZJR2_250,0
Q6ZJR2_251,0
Q6ZJR2_270,0
Q6ZJR2_289,0
Q6ZJR2_302,0
Q6ZJR2_303,0
Q6ZJR2_305,0
Q6ZJR2_307,0
Q6ZJR2_314,0
Q6ZJR2_334,0
Q6ZJR2_347,0
Q6ZJR2_505,0
Q6ZJR2_508,0
Q6ZJR2_535,0
Q6ZJR2_550,0
Q6ZJR2_555,0
Q6ZJR2_579,0
Q6ZJR2_581,0
B9F6V8_30,0
B9F6V8_63,0
B9F6V8_76,0
B9F6V8_77,0
B9F6V8_80,0
B9F6V8_117,0
B9F6V8_133,0
B9F6V8_173,0
B9F6V8_188,0
B9F6V8_200,0
B9F6V8_216,0
B9F6V8_223,0
B9F6V8_233,0
B9F6V8_272,0
B9F6V8_300,0
B9F6V8_317,0
B9F6V8_366,0
B9F6V8_406,0
B9F6V8_407,0
Q8W3N6_32,0
Q8W3N6_83,0
Q8W3N6_102,0
Q8W3N6_136,0
Q8W3N6_142,0
Q8W3N6_167,0
Q8W3N6_189,0
Q8W3N6_215,0
Q8W3N6_231,0
A0A0P0VMW4_27,0
A0A0P0VMW4_96,0
A0A0P0VMW4_102,0
A0A0P0VMW4_162,0
A0A0P0VMW4_223,0
A0A0P0VMW4_241,0
A0A0P0VMW4_275,0
A0A0P0VMW4_315,0
A0A0P0VMW4_316,0
A0A0P0VMW4_317,0
A0A0P0VMW4_395,0
A0A0P0VMW4_445,0
Q9LZI6_11,0
Q9LZI6_32,0
Q9LZI6_49,0
Q9LZI6_59,0
Q9LZI6_64,0
Q9LZI6_71,0
A0A0P0VYK0_19,0
A0A0P0VYK0_23,0
A0A0P0VYK0_55,0
A0A0P0VYK0_101,0
A0A0P0VYK0_131,0
A0A0P0VYK0_176,0
A0A0P0VYK0_182,0
Q75L10_10,0
Q75L10_11,0
Q75L10_18,0
Q75L10_64,0
Q75L10_66,0
Q75L10_71,0
Q75L10_72,0
Q75L10_125,0
Q75L10_141,0
Q75L10_153,0
Q75L10_159,0
Q75L10_177,0
Q75L10_178,0
Q75L10_182,0
Q75L10_200,0
Q10MT8_38,0
Q10MT8_134,0
Q10MT8_144,0
Q10MT8_150,0
Q10MT8_157,0
Q10MT8_167,0
Q10MT8_180,0
Q10MT8_205,0
Q10MT8_208,0
Q10MT8_213,0
Q10MT8_247,0
Q10MT8_255,0
Q10MT8_257,0
Q10MT8_258,0
A0A4S4EMC0_4,0
A0A4S4EMC0_15,0
A0A4S4EMC0_37,0
A0A4S4EMC0_59,0
A0A4S4EMC0_188,0
A0A4S4EMC0_228,0
A0A4S4EMC0_254,0
A0A4S4EMC0_257,0
A0A4S4EMC0_260,0
A0A4S4EMC0_261,0
A0A4S4EMC0_265,0
Q6ER94_18,0
Q6ER94_73,0
Q6ER94_91,0
Q6ER94_98,0
Q6ER94_99,0
Q6ER94_130,0
Q6ER94_155,0
Q6ER94_163,0
Q6ER94_172,0
Q6ER94_176,0
Q6ER94_197,0
Q6ER94_241,0
Q6ER94_245,0
Q6ER94_248,0
Q6ER94_252,0
Q6ER94_255,0
Q9AUZ6_6,0
Q9AUZ6_7,0
Q9AUZ6_18,0
Q9AUZ6_40,0
Q9AUZ6_47,0
Q9AUZ6_51,0
Q9AUZ6_107,0
Q9AUZ6_114,0
Q9AUZ6_120,0
Q9AUZ6_123,0
Q9AUZ6_130,0
Q9AUZ6_183,0
Q9AUZ6_189,0
Q9AUZ6_190,0
Q9AUZ6_204,0
Q9AUZ6_210,0
Q84VG2_101,0
Q84VG2_113,0
Q84VG2_126,0
Q84VG2_132,0
Q84VG2_145,0
Q84VG2_148,0
Q84VG2_149,0
Q84VG2_153,0
Q84VG2_162,0
Q84VG2_174,0
Q84VG2_191,0
Q84VG2_219,0
Q84VG2_227,0
Q84VG2_231,0
Q84VG2_272,0
Q9FE01_4,0
Q9FE01_19,0
Q9FE01_21,0
Q9FE01_23,0
Q9FE01_31,0
Q9FE01_62,0
Q9FE01_86,0
Q9FE01_123,0
Q9FE01_155,0
Q9FE01_171,0
Q9FE01_200,0
Q9FE01_210,0
Q9FE01_224,0
Q9FE01_242,0
Q6ATF8_37,0
Q6ATF8_46,0
Q6ATF8_65,0
Q6ATF8_118,0
Q6ATF8_119,0
Q6ATF8_126,0
Q6ATF8_135,0
Q6ATF8_147,0
Q6ATF8_160,0
Q6ATF8_166,0
Q6ATF8_171,0
Q6ATF8_182,0
Q6ATF8_218,0
Q6ATF8_219,0
O22768_90,0
O22768_105,0
O22768_120,0
O22768_184,0
O22768_199,0
O22768_206,0
O22768_249,0
O22768_261,0
O22768_277,0
O22768_303,0
Q9CAI4_10,0
Q9CAI4_13,0
Q9CAI4_22,0
Q9CAI4_33,0
Q9CAI4_35,0
Q9CAI4_41,0
Q9CAI4_60,0
Q9CAI4_69,0
Q9CAI4_82,0
Q9CAI4_86,0
Q9CAI4_87,0
B9EV46_21,0
B9EV46_31,0
B9EV46_36,0
B9EV46_38,0
B9EV46_62,0
B9EV46_95,0
B9EV46_99,0
B9EV46_143,0
B9EV46_161,0
B9EV46_195,0
B9EV46_203,0
B9EV46_238,0
B9EV46_306,0
B9EV46_341,0
B9EV46_385,0
B9EV46_424,0
A0A4S4EBL3_15,0
A0A4S4EBL3_48,0
A0A4S4EBL3_62,0
A0A4S4EBL3_68,0
A0A4S4EBL3_69,0
A0A4S4EBL3_82,0
A0A4S4EBL3_94,0
A0A4S4EBL3_129,0
A0A0P0WGQ2_10,0
A0A0P0WGQ2_11,0
A0A0P0WGQ2_56,0
A0A0P0WGQ2_157,0
A0A0P0WGQ2_172,0
A0A0P0WGQ2_178,0
A0A0P0WGQ2_202,0
A0A0P0WGQ2_226,0
A0A0P0WGQ2_256,0
A0A0P0WGQ2_279,0
Q6YXE9_7,0
Q6YXE9_30,0
Q6YXE9_77,0
Q6YXE9_125,0
Q6YXE9_146,0
Q6YXE9_182,0
Q6YXE9_186,0
Q6YXE9_192,0
Q6YXE9_199,0
Q6YXE9_213,0
Q6YXE9_216,0
Q6YXE9_227,0
Q6YXE9_267,0
Q6YXE9_271,0
Q6YXE9_275,0
Q6YXE9_285,0
Q6YXE9_325,0
Q0J964_71,0
Q0J964_85,0
Q0J964_95,0
Q0J964_106,0
Q0J964_117,0
Q0J964_125,0
Q0J964_162,0
Q0J964_170,0
Q0J964_188,0
Q0J964_194,0
Q0J964_196,0
Q0J964_197,0
Q10DZ2_62,0
Q10DZ2_114,0
Q10DZ2_130,0
Q10DZ2_140,0
Q10DZ2_152,0
Q10DZ2_154,0
Q10DZ2_183,0
Q10DZ2_207,0
Q10DZ2_229,0
Q10DZ2_247,0
Q10DZ2_253,0
Q10DZ2_295,0
Q10DZ2_297,0
Q10DZ2_312,0
Q10DZ2_320,0
Q10DZ2_333,0
Q10DZ2_343,0
Q10DZ2_382,0
Q10DZ2_408,0
Q10DZ2_409,0
Q10DZ2_414,0
Q10DZ2_423,0
Q10DZ2_469,0
Q10DZ2_483,0
Q10DZ2_509,0
Q10DZ2_529,0
Q10DZ2_536,0
A0A0P0WNX8_17,0
A0A0P0WNX8_40,0
A0A0P0WNX8_46,0
A0A0P0WNX8_125,0
A0A0P0WNX8_140,0
A0A0P0WNX8_141,0
A0A0P0WNX8_198,0
A0A0P0WNX8_264,0
A0A0P0WNX8_277,0
A0A0P0WNX8_315,0
A0A0P0WNX8_320,0
A0A0P0WNX8_322,0
A0A0P0WNX8_326,0
A0A0P0WNX8_327,0
A0A0P0WNX8_349,0
Q5VMJ3_43,0
Q5VMJ3_52,0
Q5VMJ3_71,0
Q5VMJ3_86,0
Q5VMJ3_87,0
Q5VMJ3_95,0
Q5VMJ3_96,0
Q8S904_15,0
Q8S904_28,0
Q8S904_53,0
Q8S904_62,0
Q8S904_73,0
Q8S904_77,0
Q8S904_80,0
Q8S904_88,0
Q8S904_96,0
Q8S904_135,0
Q8S904_139,0
Q8S904_170,0
Q8S904_195,0
Q7XXJ6_31,0
Q7XXJ6_38,0
Q7XXJ6_67,0
Q7XXJ6_100,0
Q7XXJ6_109,0
Q7XXJ6_113,0
Q7XXJ6_139,0
Q7XXJ6_162,0
Q7XXJ6_177,0
Q7XXJ6_179,0
Q7XXJ6_181,0
Q7XXJ6_231,0
Q7XXJ6_281,0
Q2QSI2_20,0
Q2QSI2_58,0
Q2QSI2_78,0
Q2QSI2_80,0
Q2QSI2_109,0
Q2QSI2_121,0
A0A0P0X5L0_68,0
A0A0P0X5L0_106,0
A0A0P0X5L0_168,0
O65423_2,0
O65423_11,0
O65423_26,0
O65423_74,0
O65423_80,0
O65423_97,0
O65423_115,0
O65423_161,0
O65423_176,0
O65423_181,0
O65423_192,0
O65423_199,0
O65423_201,0
O65423_207,0
O65423_223,0
O65423_248,0
O65423_255,0
O65423_272,0
O65423_281,0
O65423_291,0
O65423_293,0
O65423_298,0
O65423_320,0
Q0J8M3_5,0
Q0J8M3_6,0
Q0J8M3_16,0
Q0J8M3_38,0
Q0J8M3_67,0
Q0J8M3_90,0
B9FBJ0_31,0
B9FBJ0_36,0
B9FBJ0_38,0
B9FBJ0_60,0
B9FBJ0_64,0
B9FBJ0_77,0
B9FBJ0_102,0
B9FBJ0_132,0
B9FBJ0_164,0
B9FBJ0_172,0
B9FBJ0_263,0
B9FBJ0_283,0
B9FBJ0_329,0
B9FBJ0_349,0
Q6PS57_9,0
Q6PS57_28,0
Q6PS57_32,0
Q6PS57_90,0
Q0IXU0_100,0
Q0IXU0_136,0
Q0IXU0_144,0
Q0IXU0_174,0
Q0IXU0_186,0
Q0IXU0_191,0
Q0IXU0_205,0
Q0IXU0_206,0
Q0IXU0_244,0
Q0IXU0_245,0
Q0IXU0_254,0
Q0IXU0_316,0
Q0IXU0_331,0
Q0IXU0_344,0
Q651M5_113,0
Q651M5_115,0
Q651M5_122,0
Q651M5_123,0
Q651M5_132,0
Q651M5_136,0
Q651M5_140,0
Q651M5_160,0
Q651M5_163,0
A0A4S4D359_34,0
A0A4S4D359_66,0
A0A4S4D359_84,0
A0A4S4D359_85,0
A0A4S4D359_92,0
A0A4S4D359_93,0
A0A4S4D359_96,0
A0A4S4D359_101,0
A0A4S4D359_106,0
A0A4S4D359_111,0
A0A4S4D359_112,0
A0A4S4D359_119,0
A0A4S4D359_124,0
A0A4S4D359_148,0
A0A4S4D359_161,0
A0A4S4D359_167,0
A0A4S4D359_168,0
A0A4S4D359_180,0
Q945Q1_38,0
Q945Q1_47,0
Q945Q1_53,0
Q945Q1_75,0
Q945Q1_80,0
Q945Q1_84,0
Q945Q1_90,0
B9FJQ2_8,0
B9FJQ2_45,0
B9FJQ2_221,0
B9FJQ2_408,0
B9FJQ2_493,0
B9FJQ2_498,0
B9FJQ2_500,0
B9FJQ2_517,0
B9FJQ2_522,0
B9FJQ2_538,0
B9FJQ2_558,0
B9FJQ2_579,0
B9FJQ2_581,0
B9FJQ2_630,0
B9FJQ2_642,0
B9FJQ2_661,0
F4JYN2_51,0
F4JYN2_113,0
F4JYN2_120,0
F4JYN2_129,0
F4JYN2_133,0
F4JYN2_146,0
F4JYN2_159,0
F4JYN2_166,0
F4JYN2_171,0
F4JYN2_176,0
F4JYN2_196,0
F4JYN2_202,0
F4JYN2_217,0
F4JYN2_225,0
F4JYN2_226,0
F4JYN2_241,0
F4JYN2_243,0
A0A0P0X9V2_7,0
A0A0P0X9V2_10,0
Q7F441_97,0
Q7F441_125,0
Q7F441_129,0
Q7F441_132,0
Q7F441_157,0
Q7F441_231,0
Q7F441_235,0
Q7F441_256,0
Q7F441_258,0
Q7F441_276,0
Q7F441_281,0
Q7F441_297,0
Q7F441_298,0
Q7F441_302,0
Q7F441_308,0
Q7F441_336,0
Q0J6L7_20,0
Q0J6L7_36,0
Q0J6L7_85,0
Q0J6L7_116,0
Q0J6L7_140,0
Q0J6L7_148,0
Q0J6L7_171,0
Q0J6L7_177,0
Q0J6L7_200,0
Q0J6L7_207,0
Q0J6L7_229,0
Q0J6L7_253,0
Q0J6L7_258,0
Q0J6L7_260,0
Q0J6L7_273,0
Q0J6L7_288,0
Q0J6L7_297,0
Q84JU4_3,0
Q84JU4_18,0
Q84JU4_73,0
Q84JU4_104,0
Q84JU4_113,0
Q84JU4_120,0
Q84JU4_122,0
Q84JU4_133,0
Q84JU4_146,0
Q84JU4_148,0
Q84JU4_160,0
Q84JU4_206,0
Q84JU4_245,0
Q6ZK52_13,0
Q6ZK52_21,0
Q6ZK52_36,0
Q6ZK52_96,0
Q6ZK52_112,0
Q6ZK52_139,0
Q6ZK52_142,0
Q6ZK52_143,0
Q6ZK52_155,0
Q6ZK52_158,0
Q6ZK52_207,0
Q6ZK52_209,0
Q6ZK52_225,0
Q6ZK52_259,0
Q6ZK52_262,0
Q6ZK52_263,0
Q6ZK52_267,0
Q6ZK52_307,0
Q6ZK52_342,0
Q6ZK52_343,0
Q6ZK52_403,0
Q6ZK52_441,0
Q6ZK52_444,0
Q9LY76_48,0
Q9LY76_55,0
Q9LY76_63,0
Q9LY76_75,0
Q9LY76_91,0
Q9LY76_105,0
Q9LY76_107,0
Q9LY76_113,0
Q9LY76_115,0
Q9LY76_127,0
Q9LY76_129,0
Q9LY76_173,0
A0A075TQD8_2,0
A0A075TQD8_48,0
A0A075TQD8_79,0
A0A075TQD8_152,0
A0A075TQD8_156,0
A0A075TQD8_178,0
A0A075TQD8_198,0
A0A075TQD8_215,0
A0A075TQD8_255,0
A0A075TQD8_339,0
A0A075TQD8_381,0
A0A075TQD8_382,0
A0A075TQD8_457,0
A0A4S4CY84_15,0
A0A4S4CY84_16,0
A0A4S4CY84_27,0
A0A4S4CY84_52,0
A0A4S4CY84_58,0
A0A4S4CY84_65,0
A0A4S4CY84_87,0
A0A4S4CY84_106,0
A0A4S4CY84_151,0
A0A4S4CY84_157,0
A0A4S4CY84_159,0
A0A4S4CY84_168,0
A0A4S4CY84_172,0
A0A4S4CY84_200,0
A0A4S4CY84_204,0
A0A4S4CY84_216,0
A0A4S4CY84_227,0
A0A4S4EZP5_7,0
A0A4S4EZP5_10,0
A0A4S4EZP5_22,0
A0A4S4EZP5_58,0
A0A4S4EZP5_60,0
A0A4S4EZP5_65,0
A0A4S4EZP5_73,0
A0A4S4EZP5_81,0
A0A4S4EZP5_100,0
A0A4S4EZP5_113,0
Q38867_5,0
Q38867_14,0
Q38867_16,0
Q38867_48,0
Q38867_51,0
Q38867_56,0
Q38867_89,0
Q38867_96,0
Q38867_98,0
Q38867_125,0
Q38867_132,0
Q38867_138,0
Q38867_147,0
Q38867_172,0
Q75IF4_115,0
Q75IF4_164,0
Q75IF4_165,0
Q75IF4_178,0
Q75IF4_194,0
Q75IF4_203,0
Q75IF4_227,0
Q75IF4_335,0
Q75IF4_388,0
Q75IF4_433,0
Q75IF4_435,0
Q75IF4_476,0
A0A4S4DTA9_56,0
A0A4S4DTA9_62,0
A0A4S4DTA9_63,0
A0A4S4DTA9_74,0
A0A4S4DTA9_89,0
A0A4S4DTA9_95,0
A0A4S4DTA9_128,0
A0A4S4DTA9_146,0
A0A4S4DTA9_197,0
A0A4S4DTA9_228,0
A0A4S4DTA9_235,0
A0A4S4DTA9_236,0
A0A4S4DTA9_238,0
Q0D6B6_3,0
Q0D6B6_23,0
Q0D6B6_31,0
Q0D6B6_35,0
Q0D6B6_75,0
Q0D6B6_185,0
Q0D6B6_193,0
Q0D6B6_195,0
Q0D6B6_227,0
Q0D6B6_232,0
Q0D6B6_242,0
Q0D6B6_268,0
Q0D6B6_271,0
Q0D6B6_284,0
Q0D6B6_287,0
Q0D7L1_7,0
Q0D7L1_9,0
Q0D7L1_19,0
Q0D7L1_41,0
Q0D7L1_42,0
Q0D7L1_48,0
Q0D7L1_49,0
Q0D7L1_52,0
Q0D7L1_60,0
Q0D7L1_64,0
Q0D7L1_75,0
Q0D7L1_80,0
Q0D7L1_94,0
Q0D7L1_104,0
Q0D7L1_108,0
Q0D7L1_182,0
Q0D7L1_196,0
Q8L455_94,0
Q8L455_136,0
Q8L455_143,0
Q8L455_174,0
Q8L455_277,0
Q8L455_306,0
Q8L455_331,0
Q8L455_338,0
Q8L455_355,0
Q8L455_369,0
Q8L455_391,0
Q8L455_395,0
Q8L455_440,0
Q8L455_454,0
Q8L455_462,0
Q8L455_465,0
Q8L455_472,0
Q8L455_475,0
Q6YT73_15,0
Q6YT73_17,0
Q6YT73_20,0
Q6YT73_58,0
Q6YT73_69,0
Q6YT73_83,0
Q6YT73_133,0
Q6YT73_151,0
Q6YT73_170,0
Q6YT73_182,0
Q6YT73_191,0
Q6YT73_215,0
Q6YT73_218,0
Q6YT73_231,0
Q6YT73_275,0
Q6YT73_297,0
Q6YT73_361,0
B9FM30_17,0
B9FM30_85,0
B9FM30_106,0
B9FM30_113,0
B9EVX0_34,0
B9EVX0_63,0
B9EVX0_140,0
B9EVX0_145,0
B9EVX0_150,0
B9EVX0_169,0
B9EVX0_192,0
B9EVX0_194,0
B9EVX0_233,0
B9EVX0_270,0
B9EVX0_276,0
B9EVX0_306,0
B9EVX0_307,0
B9EVX0_317,0
B9EVX0_324,0
B9EVX0_336,0
B9EVX0_348,0
B9EVX0_354,0
B9EVX0_361,0
B9EVX0_373,0
B9EVX0_398,0
B9EVX0_463,0
B9EVX0_496,0
B9EVX0_525,0
B9EVX0_552,0
B9EVX0_558,0
B9EVX0_561,0
B9EVX0_621,0
B9EVX0_627,0
B9EVX0_653,0
B9EVX0_670,0
B9EVX0_674,0
B9EVX0_682,0
B9EVX0_690,0
B9EVX0_701,0
B9EVX0_711,0
B9EVX0_731,0
B9EVX0_740,0
B9EVX0_747,0
B9EVX0_793,0
B9EVX0_799,0
A0A654FB63_71,0
A0A654FB63_93,0
A0A654FB63_96,0
A0A654FB63_113,0
A0A654FB63_126,0
A0A654FB63_135,0
A0A654FB63_136,0
A0A654FB63_141,0
A0A654FB63_155,0
A0A654FB63_227,0
A0A654FB63_260,0
A0A654FB63_263,0
B7ECT5_12,0
B7ECT5_14,0
B7ECT5_30,0
B7ECT5_49,0
B7ECT5_83,0
B7ECT5_87,0
B7ECT5_149,0
Q33B02_35,0
Q33B02_95,0
Q33B02_153,0
Q33B02_167,0
Q33B02_180,0
Q33B02_192,0
Q33B02_195,0
Q9C5G7_26,0
Q9C5G7_110,0
Q9C5G7_193,0
Q9C5G7_202,0
Q9C5G7_220,0
Q9C5G7_389,0
Q9C5G7_409,0
Q9C5G7_411,0
Q9C5G7_418,0
Q9C5G7_432,0
Q9C5G7_466,0
Q9C5G7_469,0
Q9C5G7_484,0
Q9C5G7_516,0
A0A0N7KKM8_22,0
A0A0N7KKM8_31,0
A0A0N7KKM8_236,0
Q9AV38_9,0
Q9AV38_45,0
Q9AV38_76,0
Q9AV38_83,0
Q9AV38_103,0
Q9AV38_129,0
Q9AV38_141,0
Q9AV38_148,0
Q9AV38_177,0
B9EXS9_23,0
B9EXS9_61,0
B9EXS9_63,0
B9EXS9_82,0
B9EXS9_111,0
B9EXS9_120,0
B9EXS9_121,0
B9EXS9_122,0
A0A4S4DBP5_25,0
A0A4S4DBP5_37,0
A0A4S4DBP5_56,0
A0A4S4DBP5_136,0
Q9C518_57,0
Q9C518_61,0
Q9C518_66,0
Q9C518_94,0
Q9C518_144,0
Q9C518_207,0
Q9C518_216,0
Q9C518_222,0
Q9C518_227,0
Q9C518_230,0
Q9C518_382,0
A3BLJ0_5,0
A3BLJ0_46,0
A3BLJ0_54,0
A3BLJ0_100,0
A3BLJ0_106,0
A3BLJ0_112,0
A3BLJ0_140,0
A3BLJ0_174,0
A3BLJ0_180,0
A3BLJ0_192,0
A3BLJ0_207,0
A3BLJ0_217,0
A3BLJ0_236,0
A3BLJ0_243,0
A3BLJ0_247,0
A3BLJ0_260,0
A3BLJ0_311,0
A3A7K4_2,0
A3A7K4_38,0
A3A7K4_49,0
A3A7K4_61,0
A3A7K4_92,0
A3A7K4_93,0
A3A7K4_96,0
A3A7K4_100,0
Q8GZZ8_34,0
Q8GZZ8_46,0
Q8GZZ8_68,0
Q8GZZ8_74,0
Q8GZZ8_111,0
Q8GZZ8_117,0
Q8GZZ8_118,0
Q8GZZ8_142,0
Q8GZZ8_246,0
Q8GZZ8_323,0
Q8GZZ8_331,0
A0A4S4DW46_5,0
A0A4S4DW46_15,0
A0A4S4DW46_18,0
A0A4S4DW46_49,0
A0A4S4DW46_63,0
A0A4S4DW46_125,0
A0A4S4DW46_140,0
A0A4S4DW46_164,0
A0A4S4DW46_177,0
A0A4S4DW46_201,0
A0A4S4DW46_212,0
A0A4S4DW46_237,0
A0A4S4DW46_246,0
A0A4S4DW46_268,0
A0A4S4DW46_278,0
A0A4S4DW46_280,0
A0A4S4DW46_286,0
A0A4S4DW46_291,0
A0A4S4DW46_298,0
A0A4S4DW46_320,0
A0A4S4DW46_324,0
A0A4S4DW46_326,0
A0A4S4DW46_337,0
A0A4S4DW46_339,0
A0A4S4DW46_352,0
A0A4S4DW46_369,0
A0A4S4DW46_379,0
A0A4S4DW46_383,0
A0A4S4DW46_386,0
A0A4S4DW46_399,0
A0A4S4DW46_408,0
A0A4S4DW46_419,0
Q0DK50_5,0
Q0DK50_49,0
Q0DK50_84,0
Q0DK50_93,0
Q0DK50_130,0
Q0DK50_142,0
Q0DK50_144,0
Q0DK50_148,0
Q0DK50_149,0
Q0DK50_150,0
Q0DK50_158,0
Q0DK50_217,0
Q0DK50_220,0
Q0DK50_248,0
Q0DK50_269,0
A0A0P0XQ99_11,0
A0A0P0XQ99_12,0
A0A0P0XQ99_32,0
A0A0P0XQ99_38,0
A0A0P0XQ99_63,0
A0A0P0XQ99_91,0
A0A0P0XQ99_197,0
A0A0P0XQ99_212,0
A0A0P0XQ99_215,0
A0A0P0XQ99_220,0
A0A0P0XQ99_244,0
A0A0P0XQ99_250,0
A0A0P0XQ99_303,0
A0A0P0XQ99_308,0
A0A0P0XQ99_330,0
Q9C8Y1_3,0
Q9C8Y1_17,0
Q9C8Y1_18,0
Q9C8Y1_25,0
Q9C8Y1_30,0
Q9C8Y1_37,0
Q9C8Y1_53,0
Q9C8Y1_57,0
Q9C8Y1_92,0
Q9C8Y1_116,0
Q9C8Y1_121,0
Q9C8Y1_133,0
Q9C8Y1_148,0
Q9C8Y1_149,0
O64818_8,0
O64818_15,0
O64818_19,0
O64818_21,0
O64818_25,0
O64818_33,0
O64818_34,0
O64818_41,0
O64818_55,0
O64818_63,0
O64818_66,0
O64818_77,0
O64818_78,0
A0A4S4CZD5_29,0
A0A4S4CZD5_38,0
A0A4S4CZD5_56,0
A0A4S4CZD5_64,0
A0A4S4CZD5_80,0
A0A4S4CZD5_91,0
A0A4S4CZD5_107,0
A0A4S4CZD5_132,0
A0A4S4CZD5_139,0
A0A4S4CZD5_149,0
A0A4S4CZD5_152,0
A0A4S4CZD5_171,0
A0A4S4CZD5_212,0
A0A4S4CZD5_244,0
A0A4S4CZD5_259,0
A0A4S4CZD5_265,0
A0A4S4CZD5_294,0
A0A4S4CZD5_331,0
A0A4S4CZD5_367,0
A0A4S4CZD5_379,0
A0A4S4CZD5_401,0
A0A4S4CZD5_416,0
A0A4S4CZD5_417,0
A0A4S4CZD5_428,0
Q5NAI9_2,0
Q5NAI9_4,0
Q5NAI9_18,0
Q5NAI9_48,0
Q5NAI9_52,0
Q5NAI9_80,0
Q5NAI9_102,0
Q5NAI9_103,0
Q5NAI9_105,0
Q5NAI9_124,0
Q5NAI9_165,0
Q5NAI9_186,0
Q5NAI9_188,0
Q5NAI9_207,0
Q5NAI9_218,0
Q5NAI9_220,0
Q5NAI9_225,0
Q5NAI9_229,0
Q5NAI9_279,0
Q5NAI9_282,0
Q5NAI9_329,0
Q5NAI9_334,0
Q5NAI9_346,0
Q5NAI9_366,0
Q5NAI9_370,0
Q5NAI9_371,0
Q5NAI9_389,0
Q5NAI9_443,0
B9GDA7_16,0
B9GDA7_35,0
B9GDA7_42,0
B9GDA7_102,0
B9GDA7_206,0
B9GDA7_215,0
B9GDA7_226,0
B9GDA7_231,0
B9GDA7_235,0
B9GDA7_245,0
B9GDA7_249,0
B9GDA7_268,0
B9GDA7_307,0
B9GDA7_347,0
B9GDA7_351,0
B9GDA7_412,0
B9GDA7_416,0
B9GDA7_445,0
Q5QN60_14,0
Q5QN60_111,0
Q5QN60_117,0
Q5QN60_154,0
Q5QN60_155,0
Q8LCA0_26,0
Q8LCA0_34,0
Q8LCA0_36,0
Q8LCA0_68,0
Q8LCA0_104,0
Q8LCA0_106,0
B9FW41_46,0
B9FW41_52,0
B9FW41_58,0
B9FW41_61,0
B9FW41_64,0
B9FW41_76,0
B9FW41_89,0
B9FW41_94,0
B9FW41_100,0
B9FW41_111,0
B9FW41_128,0
B9FW41_131,0
B9FW41_145,0
B9FB63_10,0
B9FB63_27,0
B9FB63_69,0
B9FB63_126,0
B9FB63_127,0
B9FB63_152,0
B9FB63_170,0
B9FB63_195,0
B9FB63_198,0
B9FB63_223,0
Q0IRR7_63,0
Q0IRR7_70,0
Q0IRR7_87,0
Q0IRR7_114,0
Q0IRR7_124,0
Q0IRR7_167,0
Q0IRR7_174,0
Q0IRR7_212,0
Q0IRR7_232,0
Q9FI61_9,0
Q9FI61_28,0
Q9FI61_68,0
Q9FI61_74,0
Q9FI61_93,0
Q9FI61_103,0
Q9FI61_119,0
Q9FI61_132,0
Q9FI61_150,0
Q9FI61_151,0
Q9FI61_157,0
Q9FI61_159,0
Q9FI61_188,0
B9ESY3_53,0
B9ESY3_103,0
B9ESY3_140,0
B9ESY3_178,0
B9ESY3_183,0
B9ESY3_204,0
B9ESY3_207,0
B9ESY3_282,0
A0A0P0V323_19,0
A0A0P0V323_31,0
A0A0P0V323_183,0
A0A4S4DNZ2_17,0
A0A4S4DNZ2_20,0
A0A4S4DNZ2_26,0
A0A4S4DNZ2_77,0
A0A4S4DNZ2_94,0
A0A4S4DNZ2_97,0
A0A4S4DNZ2_98,0
A0A4S4DNZ2_103,0
A0A4S4DNZ2_130,0
A0A4S4DNZ2_140,0
A0A4S4DNZ2_157,0
A0A4S4DNZ2_161,0
Q9C5J9_2,0
Q9C5J9_12,0
Q9C5J9_35,0
Q9C5J9_44,0
Q9C5J9_62,0
Q9C5J9_98,0
Q9C5J9_123,0
Q9C5J9_128,0
Q9C5J9_161,0
Q9C5J9_167,0
Q9C5J9_171,0
Q9C5J9_187,0
Q9C5J9_215,0
Q9C5J9_221,0
Q9C5J9_226,0
Q9C5J9_272,0
Q9C5J9_282,0
Q9C5J9_336,0
Q6ZCF8_17,0
Q6ZCF8_111,0
Q6ZCF8_123,0
Q6ZCF8_148,0
Q6ZCF8_156,0
Q6ZCF8_159,0
Q6ZCF8_160,0
Q6ZCF8_164,0
Q6ZCF8_188,0
Q6ZCF8_219,0
Q6ZCF8_238,0
Q6ZCF8_306,0
A0A4S4ENA5_32,0
A0A4S4ENA5_33,0
A0A4S4ENA5_35,0
A0A4S4ENA5_36,0
A0A4S4ENA5_55,0
A0A4S4ENA5_61,0
A0A4S4ENA5_62,0
A0A4S4ENA5_74,0
A0A4S4ENA5_104,0
A0A4S4ENA5_110,0
A0A4S4ENA5_114,0
Q8RV74_2,0
Q8RV74_45,0
Q8RV74_57,0
Q8RV74_78,0
Q8RV74_91,0
Q8RV74_101,0
Q8RV74_126,0
Q8RV74_154,0
Q8RV74_165,0
Q8RV74_186,0
Q8RV74_239,0
Q8RV74_272,0
Q8RV74_307,0
Q8RV74_339,0
Q8RV74_344,0
Q8RV74_375,0
Q8GXF7_22,0
Q8GXF7_24,0
Q8GXF7_29,0
Q8GXF7_30,0
Q8GXF7_31,0
Q8GXF7_32,0
Q8GXF7_33,0
Q8GXF7_34,0
Q8GXF7_54,0
Q8GXF7_56,0
Q8GXF7_62,0
Q8GXF7_65,0
Q8GXF7_66,0
Q8GXF7_68,0
Q8GXF7_71,0
Q8GXF7_78,0
